-- MySQL dump 10.13  Distrib 5.5.47, for Win32 (x86)
--
-- Host: localhost    Database: db_orderbooks
-- ------------------------------------------------------
-- Server version	5.5.47

/*!40101 SET @OLD_CHARACTER_SET_CLIENT=@@CHARACTER_SET_CLIENT */;
/*!40101 SET @OLD_CHARACTER_SET_RESULTS=@@CHARACTER_SET_RESULTS */;
/*!40101 SET @OLD_COLLATION_CONNECTION=@@COLLATION_CONNECTION */;
/*!40101 SET NAMES utf8 */;
/*!40103 SET @OLD_TIME_ZONE=@@TIME_ZONE */;
/*!40103 SET TIME_ZONE='+00:00' */;
/*!40014 SET @OLD_UNIQUE_CHECKS=@@UNIQUE_CHECKS, UNIQUE_CHECKS=0 */;
/*!40014 SET @OLD_FOREIGN_KEY_CHECKS=@@FOREIGN_KEY_CHECKS, FOREIGN_KEY_CHECKS=0 */;
/*!40101 SET @OLD_SQL_MODE=@@SQL_MODE, SQL_MODE='NO_AUTO_VALUE_ON_ZERO' */;
/*!40111 SET @OLD_SQL_NOTES=@@SQL_NOTES, SQL_NOTES=0 */;

--
-- Table structure for table `counter`
--

DROP TABLE IF EXISTS `counter`;
/*!40101 SET @saved_cs_client     = @@character_set_client */;
/*!40101 SET character_set_client = utf8 */;
CREATE TABLE `counter` (
  `visitCount` int(11) NOT NULL DEFAULT '0'
) ENGINE=InnoDB DEFAULT CHARSET=utf8;
/*!40101 SET character_set_client = @saved_cs_client */;

--
-- Dumping data for table `counter`
--

LOCK TABLES `counter` WRITE;
/*!40000 ALTER TABLE `counter` DISABLE KEYS */;
INSERT INTO `counter` VALUES (502);
/*!40000 ALTER TABLE `counter` ENABLE KEYS */;
UNLOCK TABLES;

--
-- Table structure for table `iplist`
--

DROP TABLE IF EXISTS `iplist`;
/*!40101 SET @saved_cs_client     = @@character_set_client */;
/*!40101 SET character_set_client = utf8 */;
CREATE TABLE `iplist` (
  `IP` varchar(30) NOT NULL,
  `times` varchar(30) DEFAULT NULL,
  `userName` varchar(20) DEFAULT NULL,
  `UserAgent` varchar(255) DEFAULT NULL
) ENGINE=InnoDB DEFAULT CHARSET=utf8;
/*!40101 SET character_set_client = @saved_cs_client */;

--
-- Dumping data for table `iplist`
--

LOCK TABLES `iplist` WRITE;
/*!40000 ALTER TABLE `iplist` DISABLE KEYS */;
INSERT INTO `iplist` VALUES ('0:0:0:0:0:0:0:1','2017-12-30 15:09:29','符嘉阳',NULL),('0:0:0:0:0:0:0:1','2017-12-30 15:10:41','符嘉阳',NULL),('0:0:0:0:0:0:0:1','2017-12-30 15:55:25','符嘉阳',NULL),('0:0:0:0:0:0:0:1','2017-12-30 15:58:37','符嘉阳',NULL),('0:0:0:0:0:0:0:1','2017-12-30 15:59:07','符嘉阳',NULL),('0:0:0:0:0:0:0:1','2017-12-30 16:05:58','符嘉阳',NULL),('0:0:0:0:0:0:0:1','2017-12-30 16:34:01','符嘉阳',NULL),('0:0:0:0:0:0:0:1','2017-12-30 16:45:42','符嘉阳',NULL),('0:0:0:0:0:0:0:1','2017-12-30 16:49:59','符嘉阳',NULL),('0:0:0:0:0:0:0:1','2017-12-30 16:51:17','符嘉阳',NULL),('0:0:0:0:0:0:0:1','2017-12-30 16:54:50','符嘉阳',NULL),('0:0:0:0:0:0:0:1','2017-12-30 16:56:49','符嘉阳',NULL),('0:0:0:0:0:0:0:1','2017-12-30 17:04:41','廖俊宝',NULL),('172.25.152.26','2017-12-30 17:06:24','陈永健',NULL),('172.25.152.26','2017-12-30 17:11:25','陈永健',NULL),('172.25.152.26','2017-12-30 17:13:10','陈永健',NULL),('0:0:0:0:0:0:0:1','2017-12-30 17:29:48','符嘉阳',NULL),('172.25.152.7','2017-12-30 17:34:24','蓝钜',NULL),('172.25.152.7','2017-12-30 17:36:00','蓝钜',NULL),('172.25.152.54','2017-12-30 17:39:43','刘洋',NULL),('172.28.199.39','2017-12-30 17:41:31','杨诗敏',NULL),('172.28.199.8','2017-12-30 17:43:21','卢丹娜',NULL),('172.28.198.42','2017-12-30 17:45:23','徐英',NULL),('172.28.199.39','2017-12-30 17:46:24','杨诗敏',NULL),('172.25.152.7','2017-12-30 18:05:42','蓝钜',NULL),('172.24.43.109','2017-12-30 21:08:10','符嘉阳',NULL),('0:0:0:0:0:0:0:1','2017-12-30 21:43:44','符嘉阳',NULL),('0:0:0:0:0:0:0:1','2017-12-30 23:10:13','符嘉阳',NULL),('0:0:0:0:0:0:0:1','2017-12-30 23:22:05','符嘉阳',NULL),('0:0:0:0:0:0:0:1','2017-12-30 23:32:46','符嘉阳',NULL),('0:0:0:0:0:0:0:1','2017-12-31 12:08:56','符嘉阳',NULL),('0:0:0:0:0:0:0:1','2017-12-31 12:51:19','符嘉阳',NULL),('0:0:0:0:0:0:0:1','2017-12-31 12:57:03','符嘉阳',NULL),('0:0:0:0:0:0:0:1','2017-12-31 13:09:14','符嘉阳',NULL),('0:0:0:0:0:0:0:1','2017-12-31 13:14:43','符嘉阳',NULL),('0:0:0:0:0:0:0:1','2017-12-31 13:22:02','符嘉阳',NULL),('0:0:0:0:0:0:0:1','2017-12-31 13:47:14','符嘉阳',NULL),('0:0:0:0:0:0:0:1','2017-12-31 13:51:47','root',NULL),('0:0:0:0:0:0:0:1','2017-12-31 13:52:07','root',NULL),('0:0:0:0:0:0:0:1','2017-12-31 13:52:37','符嘉阳',NULL),('0:0:0:0:0:0:0:1','2017-12-31 13:59:06','root',NULL),('0:0:0:0:0:0:0:1','2017-12-31 14:26:24','root',NULL),('0:0:0:0:0:0:0:1','2017-12-31 14:54:22','root',NULL),('0:0:0:0:0:0:0:1','2017-12-31 15:37:11','root',NULL),('0:0:0:0:0:0:0:1','2017-12-31 15:46:28','root',NULL),('0:0:0:0:0:0:0:1','2017-12-31 15:46:46','root',NULL),('0:0:0:0:0:0:0:1','2017-12-31 15:59:19','root',NULL),('0:0:0:0:0:0:0:1','2017-12-31 16:30:18','root',NULL),('0:0:0:0:0:0:0:1','2017-12-31 17:12:06','root',NULL),('0:0:0:0:0:0:0:1','2018-01-01 12:48:53','符嘉阳',NULL),('0:0:0:0:0:0:0:1','2018-01-01 13:17:01','root',NULL),('0:0:0:0:0:0:0:1','2018-01-01 13:41:41','符嘉阳',NULL),('0:0:0:0:0:0:0:1','2018-01-01 13:42:25','符嘉阳',NULL),('0:0:0:0:0:0:0:1','2018-01-01 13:43:59','符嘉阳',NULL),('0:0:0:0:0:0:0:1','2018-01-01 13:46:26','符嘉阳',NULL),('0:0:0:0:0:0:0:1','2018-01-01 13:46:42','符嘉阳',NULL),('0:0:0:0:0:0:0:1','2018-01-01 13:46:58','符嘉阳',NULL),('0:0:0:0:0:0:0:1','2018-01-01 13:47:30','符嘉阳',NULL),('0:0:0:0:0:0:0:1','2018-01-01 13:47:45','符嘉阳',NULL),('0:0:0:0:0:0:0:1','2018-01-01 13:49:21','root',NULL),('0:0:0:0:0:0:0:1','2018-01-01 13:50:31','符嘉阳',NULL),('0:0:0:0:0:0:0:1','2018-01-01 13:50:58','root',NULL),('0:0:0:0:0:0:0:1','2018-01-01 13:54:29','符嘉阳',NULL),('172.25.152.13','2018-01-01 14:22:51','符嘉阳',NULL),('172.25.152.32','2018-01-01 14:30:33','麦贵淇',NULL),('172.25.152.13','2018-01-01 14:30:38','符嘉阳',NULL),('172.25.152.13','2018-01-01 14:31:33','root',NULL),('192.168.1.1','2018-01-01 14:31:44','莫君铭',NULL),('192.168.1.1','2018-01-01 14:40:46','陈永健',NULL),('192.168.1.1','2018-01-01 14:41:26','莫君铭',NULL),('172.25.152.13','2018-01-01 14:51:34','符嘉阳',NULL),('192.168.1.1','2018-01-01 15:12:34','root',NULL),('192.168.1.1','2018-01-01 15:13:58','符嘉阳',NULL),('192.168.1.1','2018-01-01 15:24:43','符嘉阳',NULL),('192.168.1.1','2018-01-01 16:17:06','符嘉阳',NULL),('172.25.152.32','2018-01-01 16:28:16','麦贵淇',NULL),('172.25.152.9','2018-01-01 16:29:52','黄海文',NULL),('172.25.152.13','2018-01-01 16:30:14','符嘉阳',NULL),('172.24.42.241','2018-01-01 16:31:42','谢婉君',NULL),('172.25.152.7','2018-01-01 16:31:52','陈宇轩',NULL),('172.25.152.9','2018-01-01 16:32:19','黄海文',NULL),('172.28.205.20','2018-01-01 16:43:19','林钰怡',NULL),('172.28.205.18','2018-01-01 16:43:36','吴李杏',NULL),('172.28.205.61','2018-01-01 16:45:22','徐晓珊',NULL),('172.28.205.18','2018-01-01 16:46:00','吴李杏',NULL),('172.25.152.7','2018-01-01 16:49:05','蓝钜',NULL),('172.28.205.20','2018-01-01 16:50:44','林钰怡',NULL),('172.28.198.46','2018-01-01 16:50:51','林佳琳',NULL),('172.25.152.7','2018-01-01 16:52:23','蓝钜',NULL),('172.28.198.47','2018-01-01 17:15:56','陈幼婷',NULL),('172.28.198.44','2018-01-01 17:21:01','陈艳婷',NULL),('172.28.198.43','2018-01-01 17:25:23','叶诗琴',NULL),('172.25.152.13','2018-01-01 17:25:24','root',NULL),('172.28.198.44','2018-01-01 17:54:46','陈艳婷',NULL),('172.25.152.13','2018-01-01 18:14:09','符嘉阳',NULL),('172.28.198.13','2018-01-01 18:17:55','季秋池',NULL),('172.28.198.17','2018-01-01 18:20:00','区婉倩',NULL),('172.28.198.13','2018-01-01 18:20:44','黄培真',NULL),('172.25.152.7','2018-01-01 18:45:46','杨浩宏',NULL),('172.25.152.7','2018-01-01 18:47:26','杨浩宏',NULL),('172.25.152.13','2018-01-01 18:58:35','符嘉阳',NULL),('172.28.198.21','2018-01-01 19:12:38','万方韵',NULL),('172.25.152.54','2018-01-01 19:26:22','刘立金',NULL),('172.25.152.54','2018-01-01 19:27:04','刘立金',NULL),('172.25.152.3','2018-01-01 19:27:49','徐杜鑫',NULL),('172.25.152.3','2018-01-01 19:28:52','徐杜鑫',NULL),('172.25.152.13','2018-01-01 19:43:27','符嘉阳',NULL),('172.25.152.13','2018-01-01 20:14:03','root',NULL),('127.0.0.1','2018-01-01 21:10:24','符嘉阳',NULL),('172.28.198.42','2018-01-01 21:41:35','徐英',NULL),('192.168.1.1','2018-01-01 22:28:07','李嘉威',NULL),('172.25.152.7','2018-01-01 22:34:09','蓝钜',NULL),('172.25.152.7','2018-01-01 22:34:26','方健蓬',NULL),('172.25.152.7','2018-01-01 22:35:14','黄海文',NULL),('172.25.152.7','2018-01-01 22:36:57','方健蓬',NULL),('172.25.152.7','2018-01-01 22:37:10','黄海文',NULL),('172.25.152.20','2018-01-01 22:39:08','张文华',NULL),('172.25.152.20','2018-01-01 22:41:43','黎晓乔',NULL),('172.25.152.20','2018-01-01 22:43:30','张文华',NULL),('172.25.152.21','2018-01-01 22:47:40','邱佳鹏',NULL),('172.25.152.20','2018-01-01 22:52:24','张文华',NULL),('172.25.152.20','2018-01-01 22:56:15','张文华',NULL),('172.25.152.20','2018-01-01 22:56:35','郭兆聪',NULL),('172.25.152.21','2018-01-01 22:57:49','黎晓乔',NULL),('172.25.152.13','2018-01-01 23:38:39','符嘉阳',NULL),('172.28.198.9','2018-01-01 23:46:44','冼升敏',NULL),('192.168.1.1','2018-01-02 00:02:30','符嘉阳',NULL),('192.168.1.1','2018-01-02 08:23:06','符嘉阳',NULL),('172.25.152.13','2018-01-02 11:53:46','符嘉阳',NULL),('172.25.152.13','2018-01-02 11:56:40','root',NULL),('172.25.152.13','2018-01-02 11:56:50','符嘉阳',NULL),('192.168.1.1','2018-01-02 14:33:37','符嘉阳',NULL),('127.0.0.1','2018-01-02 16:09:45','陈宇靖',NULL),('172.25.152.13','2018-01-02 16:10:31','符嘉阳',NULL),('172.25.152.13','2018-01-02 16:12:38','root',NULL),('192.168.1.1','2018-01-02 16:15:33','陈永健',NULL),('172.25.152.13','2018-01-02 19:24:56','符嘉阳',NULL),('172.25.152.13','2018-01-02 19:25:12','root',NULL),('172.28.198.45','2018-01-02 20:33:59','巫雪银',NULL),('172.25.152.13','2018-01-02 22:40:08','符嘉阳',NULL),('172.25.152.13','2018-01-03 18:55:11','root',NULL),('172.28.198.9','2018-01-03 22:55:20','冼升敏',NULL),('172.28.198.9','2018-01-03 23:04:23','苏梦渲',NULL),('172.28.198.32','2018-01-03 23:21:02','谢婉君',NULL),('192.168.1.1','2018-01-04 10:20:35','符嘉阳',NULL),('172.25.152.7','2018-01-04 17:58:32','廖俊宝',NULL),('172.25.152.13','2018-01-04 23:16:10','符嘉阳',NULL),('172.25.152.13','2018-01-05 09:31:01','root',NULL),('172.25.152.13','2018-01-05 10:45:32','符嘉阳',NULL),('172.25.152.13','2018-01-05 11:19:35','符嘉阳',NULL),('172.25.152.13','2018-01-05 13:00:05','root',NULL),('172.25.152.13','2018-01-05 13:01:01','符嘉阳',NULL),('172.28.198.45','2018-01-05 13:43:34','陈泽敏',NULL),('172.25.152.13','2018-01-05 17:00:31','符嘉阳',NULL),('192.168.1.1','2018-01-05 17:23:06','莫君铭',NULL),('172.25.152.13','2018-01-05 18:59:56','符嘉阳',NULL),('172.25.152.13','2018-01-05 21:03:47','root','Mozilla/5.0 (Windows NT 10.0; Win64; x64) AppleWebKit/537.36 (KHTML, like Gecko) Chrome/62.0.3202.89 Safari/537.36'),('172.25.152.13','2018-01-05 21:07:16','符嘉阳','Mozilla/5.0 (Windows NT 10.0; Win64; x64) AppleWebKit/537.36 (KHTML, like Gecko) Chrome/62.0.3202.89 Safari/537.36'),('172.25.152.13','2018-01-05 21:08:21','root','Mozilla/5.0 (Windows NT 10.0; Win64; x64) AppleWebKit/537.36 (KHTML, like Gecko) Chrome/62.0.3202.89 Safari/537.36'),('172.25.152.13','2018-01-05 21:09:20','root','Mozilla/5.0 (Windows NT 10.0; Win64; x64; rv:57.0) Gecko/20100101 Firefox/57.0'),('172.25.152.13','2018-01-05 21:09:50','root','Mozilla/5.0 (Windows NT 10.0; Win64; x64) AppleWebKit/537.36 (KHTML, like Gecko) Chrome/58.0.3029.110 Safari/537.36 Edge/16.16299'),('172.25.152.13','2018-01-05 21:10:38','root','Mozilla/5.0 (Windows NT 10.0; WOW64; Trident/7.0; rv:11.0) like Gecko Core/1.53.3427.400 QQBrowser/9.6.12513.400'),('172.25.152.13','2018-01-05 21:11:11','root','Mozilla/5.0 (Windows NT 10.0; WOW64; Trident/7.0; rv:11.0) like Gecko'),('172.25.152.13','2018-01-05 21:11:44','root','Mozilla/5.0 (Windows NT 6.1; WOW64) AppleWebKit/537.36 (KHTML, like Gecko) Chrome/39.0.2171.95 Safari/537.36 MicroMessenger/6.5.2.501 NetType/WIFI WindowsWechat QBCore/3.43.691.400 QQBrowser/9.0.2524.400'),('192.168.1.1','2018-01-05 21:12:54','root','Mozilla/5.0 (Linux; U; Android 7.0; zh-Hans-CN; SM-G9200 Build/NRD90M) AppleWebKit/537.36 (KHTML, like Gecko) Version/4.0 Chrome/57.0.2987.108 Quark/2.4.0.984 Mobile Safari/537.36'),('192.168.1.1','2018-01-05 21:13:51','root','Mozilla/5.0 (Linux; Android 7.0; SAMSUNG SM-G9200 Build/NRD90M) AppleWebKit/537.36 (KHTML, like Gecko) SamsungBrowser/6.2 Chrome/56.0.2924.87 Mobile Safari/537.36'),('192.168.1.1','2018-01-05 21:15:05','root','Mozilla/5.0 (Linux; U; Android 7.1.1; zh-Hans-CN; MI 4LTE Build/NMF26Q) AppleWebKit/537.36 (KHTML, like Gecko) Version/4.0 Chrome/57.0.2987.108 Quark/2.4.0.984 Mobile Safari/537.36'),('192.168.1.1','2018-01-05 21:16:19','root','Mozilla/5.0 (Linux; Android 7.1.1; MI 4LTE Build/NMF26Q) AppleWebKit/537.36 (KHTML, like Gecko) Chrome/42.0.2311.154 Mobile Safari/537.36'),('172.25.152.13','2018-01-05 21:17:29','root','Mozilla/5.0 (Windows NT 10.0; Win64; x64) AppleWebKit/537.36 (KHTML, like Gecko) Chrome/62.0.3202.89 Safari/537.36'),('172.25.152.13','2018-01-05 21:20:31','root','Mozilla/5.0 (Windows NT 10.0; Win64; x64) AppleWebKit/537.36 (KHTML, like Gecko) Chrome/62.0.3202.89 Safari/537.36'),('172.25.152.13','2018-01-05 21:26:59','符嘉阳','Mozilla/5.0 (Windows NT 10.0; Win64; x64) AppleWebKit/537.36 (KHTML, like Gecko) Chrome/62.0.3202.89 Safari/537.36'),('172.25.152.13','2018-01-05 21:27:21','root','Mozilla/5.0 (Windows NT 10.0; Win64; x64; rv:57.0) Gecko/20100101 Firefox/57.0'),('112.96.164.52','2018-01-05 21:41:02','黎晓乔','Mozilla/5.0 (Linux; Android 6.0; vivo Y67 Build/MRA58K; wv) AppleWebKit/537.36 (KHTML, like Gecko) Version/4.0 Chrome/57.0.2987.132 MQQBrowser/6.2 TBS/043805 Mobile Safari/537.36 MicroMessenger/6.6.1.1220(0x26060133) NetType/4G Language/zh_CN'),('172.28.198.13','2018-01-05 21:41:10','黄培真','Mozilla/5.0 (Windows NT 6.1; WOW64) AppleWebKit/537.36 (KHTML, like Gecko) Chrome/39.0.2171.95 Safari/537.36 MicroMessenger/6.5.2.501 NetType/WIFI WindowsWechat QBCore/3.43.691.400 QQBrowser/9.0.2524.400'),('172.25.152.7','2018-01-05 21:41:11','杨浩宏','Mozilla/5.0 (Windows NT 6.1; WOW64) AppleWebKit/537.36 (KHTML, like Gecko) Chrome/39.0.2171.95 Safari/537.36 MicroMessenger/6.5.2.501 NetType/WIFI WindowsWechat QBCore/3.43.691.400 QQBrowser/9.0.2524.400'),('172.25.152.7','2018-01-05 21:41:20','郑景仁','Mozilla/5.0 (Windows NT 10.0; Win64; x64) AppleWebKit/537.36 (KHTML, like Gecko) Chrome/58.0.3029.110 Safari/537.36 Edge/16.16299'),('127.0.0.1','2018-01-05 21:42:02','冼升敏','Mozilla/5.0 (iPhone; CPU iPhone OS 11_0_3 like Mac OS X) AppleWebKit/604.1.38 (KHTML, like Gecko) Mobile/15A432 MicroMessenger/6.6.0 NetType/4G Language/zh_CN'),('172.28.198.9','2018-01-05 21:43:36','冼升敏','Mozilla/5.0 (Windows NT 6.1; WOW64) AppleWebKit/537.36 (KHTML, like Gecko) Chrome/39.0.2171.95 Safari/537.36 MicroMessenger/6.5.2.501 NetType/WIFI WindowsWechat QBCore/3.43.691.400 QQBrowser/9.0.2524.400'),('172.25.152.7','2018-01-05 21:43:37','李思嘉','Mozilla/5.0 (Linux; Android 7.0; PRA-AL00X Build/HONORPRA-AL00X; wv) AppleWebKit/537.36 (KHTML, like Gecko) Version/4.0 Chrome/53.0.2785.49 Mobile MQQBrowser/6.2 TBS/043632 Safari/537.36 MicroMessenger/6.6.1.1220(0x26060133) NetType/WIFI Language/zh_HK'),('172.28.198.42','2018-01-05 21:57:50','万方韵','Mozilla/5.0 (Windows NT 6.1; WOW64) AppleWebKit/537.36 (KHTML, like Gecko) Chrome/39.0.2171.95 Safari/537.36 MicroMessenger/6.5.2.501 NetType/WIFI WindowsWechat QBCore/3.43.691.400 QQBrowser/9.0.2524.400'),('172.25.152.7','2018-01-05 21:58:16','麦贵淇','Mozilla/5.0 (Linux; Android 7.0; BAC-AL00 Build/HUAWEIBAC-AL00; wv) AppleWebKit/537.36 (KHTML, like Gecko) Version/4.0 Chrome/53.0.2785.49 Mobile MQQBrowser/6.2 TBS/043632 Safari/537.36 MicroMessenger/6.6.1.1220(0x26060133) NetType/WIFI Language/zh_CN'),('172.25.152.32','2018-01-05 21:58:59','麦贵淇','Mozilla/5.0 (Windows NT 6.1; WOW64) AppleWebKit/537.36 (KHTML, like Gecko) Chrome/39.0.2171.95 Safari/537.36 MicroMessenger/6.5.2.501 NetType/WIFI WindowsWechat QBCore/3.43.691.400 QQBrowser/9.0.2524.400'),('172.25.152.13','2018-01-05 22:02:10','符嘉阳','Mozilla/5.0 (Windows NT 6.1; WOW64) AppleWebKit/537.36 (KHTML, like Gecko) Chrome/39.0.2171.95 Safari/537.36 MicroMessenger/6.5.2.501 NetType/WIFI WindowsWechat QBCore/3.43.691.400 QQBrowser/9.0.2524.400'),('183.40.208.16','2018-01-05 22:06:43','黄剑腾','Mozilla/5.0 (Linux; Android 7.1.1; vivo X9 Build/NMF26F; wv) AppleWebKit/537.36 (KHTML, like Gecko) Version/4.0 Chrome/53.0.2785.49 Mobile MQQBrowser/6.2 TBS/043632 Safari/537.36 MicroMessenger/6.6.1.1220(0x26060133) NetType/4G Language/zh_CN'),('172.25.152.54','2018-01-05 22:19:35','欧元帅','Mozilla/5.0 (Windows NT 6.1; WOW64; Trident/7.0; rv:11.0; 2345Explorer/9.1.1.16851) like Gecko'),('183.40.139.87','2018-01-05 22:27:49','陈幼婷','Mozilla/5.0 (Linux; Android 4.4.4; vivo X5V Build/KTU84P; wv) AppleWebKit/537.36 (KHTML, like Gecko) Version/4.0 Chrome/53.0.2785.49 Mobile MQQBrowser/6.2 TBS/043632 Safari/537.36 MicroMessenger/6.6.1.1220(0x26060133) NetType/4G Language/zh_CN'),('127.0.0.1','2018-01-05 22:28:20','巫雪银','Mozilla/5.0 (Linux; Android 7.0; PRO 5 Build/NRD90M; wv) AppleWebKit/537.36 (KHTML, like Gecko) Version/4.0 Chrome/53.0.2785.49 Mobile MQQBrowser/6.2 TBS/043632 Safari/537.36 MicroMessenger/6.6.1.1220(0x26060133) NetType/WIFI Language/en'),('127.0.0.1','2018-01-05 22:34:54','黄剑腾','Mozilla/5.0 (Linux; Android 7.1.1; vivo X9 Build/NMF26F; wv) AppleWebKit/537.36 (KHTML, like Gecko) Version/4.0 Chrome/53.0.2785.49 Mobile MQQBrowser/6.2 TBS/043632 Safari/537.36 MicroMessenger/6.6.1.1220(0x26060133) NetType/4G Language/zh_CN'),('183.40.153.71','2018-01-05 22:52:44','刘乃晋','Mozilla/5.0 (Linux; Android 7.0; VTR-AL00 Build/HUAWEIVTR-AL00; wv) AppleWebKit/537.36 (KHTML, like Gecko) Version/4.0 Chrome/53.0.2785.49 Mobile MQQBrowser/6.2 TBS/043632 Safari/537.36 MicroMessenger/6.6.1.1220(0x26060133) NetType/4G Language/zh_CN'),('172.25.152.54','2018-01-05 22:54:22','欧元帅','Mozilla/5.0 (Windows NT 6.1; WOW64; Trident/7.0; rv:11.0; 2345Explorer/9.1.1.16851) like Gecko'),('172.25.152.54','2018-01-05 22:55:11','谭上俊','Mozilla/5.0 (Linux; Android 6.0; PLK-AL10 Build/HONORPLK-AL10; wv) AppleWebKit/537.36 (KHTML, like Gecko) Version/4.0 Chrome/57.0.2987.132 MQQBrowser/6.2 TBS/043805 Mobile Safari/537.36 MicroMessenger/6.5.23.1180 NetType/WIFI Language/zh_CN'),('172.25.152.13','2018-01-05 23:27:27','root','Mozilla/5.0 (Windows NT 10.0; Win64; x64) AppleWebKit/537.36 (KHTML, like Gecko) Chrome/62.0.3202.89 Safari/537.36'),('127.0.0.1','2018-01-05 23:28:32','冯驿宁','Mozilla/5.0 (Windows NT 6.3; Win64; x64; rv:57.0) Gecko/20100101 Firefox/57.0'),('172.25.152.7','2018-01-05 23:33:14','刘建锋','Mozilla/5.0 (Windows NT 6.1; WOW64) AppleWebKit/537.36 (KHTML, like Gecko) Chrome/39.0.2171.95 Safari/537.36 MicroMessenger/6.5.2.501 NetType/WIFI WindowsWechat QBCore/3.43.691.400 QQBrowser/9.0.2524.400'),('192.168.1.1','2018-01-06 00:00:05','root','Mozilla/5.0 (Linux; U; Android 7.0; zh-Hans-CN; SM-G9200 Build/NRD90M) AppleWebKit/537.36 (KHTML, like Gecko) Version/4.0 Chrome/57.0.2987.108 Quark/2.4.0.984 Mobile Safari/537.36'),('192.168.1.1','2018-01-06 08:12:49','root','Mozilla/5.0 (Linux; U; Android 7.1.1; zh-Hans-CN; MI 4LTE Build/NMF26Q) AppleWebKit/537.36 (KHTML, like Gecko) Version/4.0 Chrome/57.0.2987.108 Quark/2.4.0.984 Mobile Safari/537.36'),('192.168.1.1','2018-01-06 08:55:45','root','Mozilla/5.0 (Linux; U; Android 7.1.1; zh-Hans-CN; MI 4LTE Build/NMF26Q) AppleWebKit/537.36 (KHTML, like Gecko) Version/4.0 Chrome/57.0.2987.108 Quark/2.4.0.984 Mobile Safari/537.36'),('192.168.1.1','2018-01-06 08:57:38','符嘉阳','Mozilla/5.0 (Linux; U; Android 7.1.1; zh-Hans-CN; MI 4LTE Build/NMF26Q) AppleWebKit/537.36 (KHTML, like Gecko) Version/4.0 Chrome/57.0.2987.108 Quark/2.4.0.984 Mobile Safari/537.36'),('172.25.152.13','2018-01-06 09:23:25','root','Mozilla/5.0 (Windows NT 10.0; Win64; x64) AppleWebKit/537.36 (KHTML, like Gecko) Chrome/62.0.3202.89 Safari/537.36'),('127.0.0.1','2018-01-06 10:57:41','张文华','Mozilla/5.0 (Linux; Android 6.0.1; NX529J Build/MMB29M; wv) AppleWebKit/537.36 (KHTML, like Gecko) Version/4.0 Chrome/57.0.2987.132 MQQBrowser/6.2 TBS/043805 Mobile Safari/537.36 MicroMessenger/6.6.1.1220(0x26060133) NetType/4G Language/zh_CN'),('172.25.152.40','2018-01-06 11:15:58','陈达英','Mozilla/5.0 (Windows NT 6.3; WOW64) AppleWebKit/537.36 (KHTML, like Gecko) Chrome/49.0.2623.221 Safari/537.36 SE 2.X MetaSr 1.0'),('172.25.152.13','2018-01-06 11:16:09','root','Mozilla/5.0 (Windows NT 10.0; Win64; x64) AppleWebKit/537.36 (KHTML, like Gecko) Chrome/62.0.3202.89 Safari/537.36'),('172.25.152.13','2018-01-06 13:20:30','root','Mozilla/5.0 (Windows NT 10.0; Win64; x64) AppleWebKit/537.36 (KHTML, like Gecko) Chrome/62.0.3202.89 Safari/537.36'),('172.25.152.13','2018-01-06 13:21:21','符嘉阳','Mozilla/5.0 (Windows NT 10.0; Win64; x64; rv:57.0) Gecko/20100101 Firefox/57.0'),('172.25.152.13','2018-01-06 13:21:42','符嘉阳','Mozilla/5.0 (Windows NT 10.0; Win64; x64; rv:57.0) Gecko/20100101 Firefox/57.0'),('127.0.0.1','2018-01-06 14:20:56','赵科艺','Mozilla/5.0 (Windows NT 10.0; WOW64) AppleWebKit/537.36 (KHTML, like Gecko) Chrome/55.0.2883.87 Safari/537.36'),('121.32.142.147','2018-01-06 15:05:21','刘晓宜','Mozilla/5.0 (Linux; Android 4.4.4; MI NOTE LTE Build/KTU84P; wv) AppleWebKit/537.36 (KHTML, like Gecko) Version/4.0 Chrome/53.0.2785.49 Mobile MQQBrowser/6.2 TBS/043632 Safari/537.36 MicroMessenger/6.6.1.1220(0x26060133) NetType/WIFI Language/en'),('192.168.1.1','2018-01-06 15:35:59','root','Mozilla/5.0 (Linux; U; Android 7.0; zh-Hans-CN; SM-G9200 Build/NRD90M) AppleWebKit/537.36 (KHTML, like Gecko) Version/4.0 Chrome/57.0.2987.108 Quark/2.4.0.984 Mobile Safari/537.36'),('172.25.152.7','2018-01-06 15:39:56','李思嘉','Mozilla/5.0 (Linux; Android 7.0; PRA-AL00X Build/HONORPRA-AL00X; wv) AppleWebKit/537.36 (KHTML, like Gecko) Version/4.0 Chrome/57.0.2987.132 MQQBrowser/6.2 TBS/043805 Mobile Safari/537.36 MicroMessenger/6.6.1.1220(0x26060133) NetType/WIFI Language/zh_HK'),('172.25.152.7','2018-01-06 15:46:26','李思嘉','Mozilla/5.0 (Linux; Android 7.0; PRA-AL00X Build/HONORPRA-AL00X; wv) AppleWebKit/537.36 (KHTML, like Gecko) Version/4.0 Chrome/57.0.2987.132 MQQBrowser/6.2 TBS/043805 Mobile Safari/537.36 MicroMessenger/6.6.1.1220(0x26060133) NetType/WIFI Language/zh_HK'),('172.25.152.7','2018-01-06 16:01:30','李思嘉','Mozilla/5.0 (Linux; Android 7.0; PRA-AL00X Build/HONORPRA-AL00X; wv) AppleWebKit/537.36 (KHTML, like Gecko) Version/4.0 Chrome/57.0.2987.132 MQQBrowser/6.2 TBS/043805 Mobile Safari/537.36 MicroMessenger/6.6.1.1220(0x26060133) NetType/WIFI Language/zh_HK'),('127.0.0.1','2018-01-06 16:34:33','赵科艺','Mozilla/5.0 (Windows NT 10.0; WOW64) AppleWebKit/537.36 (KHTML, like Gecko) Chrome/55.0.2883.87 Safari/537.36'),('172.25.152.13','2018-01-06 16:42:31','root','Mozilla/5.0 (Windows NT 10.0; Win64; x64) AppleWebKit/537.36 (KHTML, like Gecko) Chrome/62.0.3202.89 Safari/537.36'),('172.22.9.160','2018-01-06 18:32:49','root','Mozilla/5.0 (Linux; U; Android 7.1.1; zh-Hans-CN; MI 4LTE Build/NMF26Q) AppleWebKit/537.36 (KHTML, like Gecko) Version/4.0 Chrome/57.0.2987.108 Quark/2.4.0.984 Mobile Safari/537.36'),('172.28.198.7','2018-01-06 18:54:30','梁彩桦','Mozilla/5.0 (Windows NT 6.1; WOW64) AppleWebKit/537.36 (KHTML, like Gecko) Chrome/39.0.2171.95 Safari/537.36 MicroMessenger/6.5.2.501 NetType/WIFI WindowsWechat QBCore/3.43.691.400 QQBrowser/9.0.2524.400'),('172.22.9.160','2018-01-06 20:55:25','root','Mozilla/5.0 (Android 7.1.1; Mobile; rv:59.0) Gecko/59.0 Firefox/59.0'),('172.22.9.160','2018-01-06 21:19:48','root','Mozilla/5.0 (Android 7.1.1; Mobile; rv:59.0) Gecko/59.0 Firefox/59.0'),('172.25.152.13','2018-01-06 23:03:54','root','Mozilla/5.0 (Windows NT 10.0; Win64; x64) AppleWebKit/537.36 (KHTML, like Gecko) Chrome/62.0.3202.89 Safari/537.36'),('172.28.198.35','2018-01-06 23:54:23','陈宝诺','Mozilla/5.0 (Windows NT 10.0; WOW64; Trident/7.0; LCJB; rv:11.0) like Gecko'),('183.6.92.30','2018-01-06 23:56:07','叶丹婷','Mozilla/5.0 (Linux; Android 7.0; STF-AL00 Build/HUAWEISTF-AL00; wv) AppleWebKit/537.36 (KHTML, like Gecko) Version/4.0 Chrome/53.0.2785.49 Mobile MQQBrowser/6.2 TBS/043632 Safari/537.36 MicroMessenger/6.6.1.1220(0x26060133) NetType/WIFI Language/zh_CN'),('192.168.1.1','2018-01-07 00:08:08','root','Mozilla/5.0 (Android 7.1.1; Mobile; rv:59.0) Gecko/59.0 Firefox/59.0'),('192.168.1.1','2018-01-07 09:02:12','root','Mozilla/5.0 (Linux; U; Android 7.0; zh-Hans-CN; SM-G9200 Build/NRD90M) AppleWebKit/537.36 (KHTML, like Gecko) Version/4.0 Chrome/57.0.2987.108 Quark/2.4.0.984 Mobile Safari/537.36'),('192.168.1.1','2018-01-07 09:02:46','符嘉阳','Mozilla/5.0 (Linux; U; Android 7.0; zh-Hans-CN; SM-G9200 Build/NRD90M) AppleWebKit/537.36 (KHTML, like Gecko) Version/4.0 Chrome/57.0.2987.108 Quark/2.4.0.984 Mobile Safari/537.36'),('112.96.100.10','2018-01-07 09:10:17','梁彩桦','Mozilla/5.0 (Linux; Android 6.0.1; SM-A7000 Build/MMB29M; wv) AppleWebKit/537.36 (KHTML, like Gecko) Version/4.0 Chrome/53.0.2785.49 Mobile MQQBrowser/6.2 TBS/043613 Safari/537.36 MicroMessenger/6.5.13.1100 NetType/4G Language/zh_CN'),('172.28.198.7','2018-01-07 09:30:56','梁彩桦','Mozilla/5.0 (Windows NT 6.1; WOW64) AppleWebKit/537.36 (KHTML, like Gecko) Chrome/39.0.2171.95 Safari/537.36 MicroMessenger/6.5.2.501 NetType/WIFI WindowsWechat QBCore/3.43.691.400 QQBrowser/9.0.2524.400'),('172.25.152.33','2018-01-07 11:03:15','陈时锐','libcurl-agent/1.0'),('172.25.152.13','2018-01-07 12:38:39','root','Mozilla/5.0 (Windows NT 10.0; Win64; x64) AppleWebKit/537.36 (KHTML, like Gecko) Chrome/62.0.3202.89 Safari/537.36'),('172.25.152.13','2018-01-07 12:39:28','符嘉阳','Mozilla/5.0 (Windows NT 10.0; Win64; x64; rv:57.0) Gecko/20100101 Firefox/57.0'),('172.25.152.13','2018-01-07 13:12:35','root','Mozilla/5.0 (Windows NT 10.0; Win64; x64) AppleWebKit/537.36 (KHTML, like Gecko) Chrome/62.0.3202.89 Safari/537.36'),('117.136.79.12','2018-01-07 14:19:40','梅珊珊','Mozilla/5.0 (Linux; Android 7.0; Redmi Note 4X Build/NRD90M; wv) AppleWebKit/537.36 (KHTML, like Gecko) Version/4.0 Chrome/53.0.2785.49 Mobile MQQBrowser/6.2 TBS/043632 Safari/537.36 MicroMessenger/6.6.1200(0x26060031) NetType/4G Language/en'),('172.25.152.13','2018-01-07 16:38:02','root','Mozilla/5.0 (Windows NT 10.0; Win64; x64) AppleWebKit/537.36 (KHTML, like Gecko) Chrome/62.0.3202.89 Safari/537.36'),('172.25.152.13','2018-01-07 16:39:06','符嘉阳','Mozilla/5.0 (Windows NT 10.0; Win64; x64; rv:57.0) Gecko/20100101 Firefox/57.0'),('172.25.152.13','2018-01-07 17:01:18','root','Mozilla/5.0 (Windows NT 10.0; Win64; x64) AppleWebKit/537.36 (KHTML, like Gecko) Chrome/62.0.3202.89 Safari/537.36'),('172.25.152.13','2018-01-07 17:03:26','root','Mozilla/5.0 (Windows NT 10.0; Win64; x64) AppleWebKit/537.36 (KHTML, like Gecko) Chrome/62.0.3202.89 Safari/537.36'),('127.0.0.1','2018-01-07 18:49:32','root','Mozilla/5.0 (Linux; U; Android 7.0; zh-Hans-CN; SM-G9200 Build/NRD90M) AppleWebKit/537.36 (KHTML, like Gecko) Version/4.0 Chrome/57.0.2987.108 Quark/2.4.0.984 Mobile Safari/537.36'),('112.96.109.76','2018-01-07 22:00:18','张文华','Mozilla/5.0 (Linux; Android 6.0.1; NX529J Build/MMB29M; wv) AppleWebKit/537.36 (KHTML, like Gecko) Version/4.0 Chrome/57.0.2987.132 MQQBrowser/6.2 TBS/043805 Mobile Safari/537.36 MicroMessenger/6.6.1.1220(0x26060133) NetType/4G Language/zh_CN'),('127.0.0.1','2018-01-08 11:38:21','root','Mozilla/5.0 (Linux; U; Android 7.0; zh-Hans-CN; SM-G9200 Build/NRD90M) AppleWebKit/537.36 (KHTML, like Gecko) Version/4.0 Chrome/57.0.2987.108 Quark/2.4.0.984 Mobile Safari/537.36'),('192.168.1.1','2018-01-08 12:51:30','root','Mozilla/5.0 (Linux; U; Android 7.1.1; zh-Hans-CN; MI 4LTE Build/NMF26Q) AppleWebKit/537.36 (KHTML, like Gecko) Version/4.0 Chrome/57.0.2987.108 Quark/2.4.0.984 Mobile Safari/537.36'),('192.168.1.1','2018-01-08 14:42:53','root','Mozilla/5.0 (Linux; Android 7.1.1; MI 4LTE Build/NMF26Q; wv) AppleWebKit/537.36 (KHTML, like Gecko) Version/4.0 Chrome/52.0.2743.100 Mobile Safari/537.36'),('172.25.150.17','2018-01-08 20:30:36','黄培真','Mozilla/5.0 (Linux; Android 6.0.1; OPPO A57 Build/MMB29M; wv) AppleWebKit/537.36 (KHTML, like Gecko) Version/4.0 Chrome/53.0.2785.49 Mobile MQQBrowser/6.2 TBS/043632 Safari/537.36 MicroMessenger/6.6.1.1200(0x26060168) NetType/WIFI Language/zh_CN'),('172.28.198.13','2018-01-08 20:34:49','黄培真','Mozilla/5.0 (Windows NT 6.1; WOW64) AppleWebKit/537.36 (KHTML, like Gecko) Chrome/39.0.2171.95 Safari/537.36 MicroMessenger/6.5.2.501 NetType/WIFI WindowsWechat QBCore/3.43.691.400 QQBrowser/9.0.2524.400'),('192.168.1.1','2018-01-09 08:19:52','root','Mozilla/5.0 (Linux; U; Android 7.0; zh-Hans-CN; SM-G9200 Build/NRD90M) AppleWebKit/537.36 (KHTML, like Gecko) Version/4.0 Chrome/57.0.2987.108 Quark/2.4.0.984 Mobile Safari/537.36'),('172.25.152.13','2018-01-09 23:10:24','root','Mozilla/5.0 (Windows NT 10.0; Win64; x64) AppleWebKit/537.36 (KHTML, like Gecko) Chrome/62.0.3202.89 Safari/537.36'),('172.25.152.13','2018-01-09 23:10:29','root','Mozilla/5.0 (Windows NT 10.0; Win64; x64) AppleWebKit/537.36 (KHTML, like Gecko) Chrome/62.0.3202.89 Safari/537.36'),('172.25.152.7','2018-01-10 01:52:47','蓝钜','Mozilla/5.0 (Windows NT 10.0; WOW64; Trident/7.0; LCTE; rv:11.0) like Gecko'),('172.25.152.7','2018-01-10 14:40:13','蓝钜','Mozilla/5.0 (Windows NT 10.0; WOW64; Trident/7.0; LCTE; rv:11.0) like Gecko'),('172.25.152.7','2018-01-10 17:50:59','蓝钜','Mozilla/5.0 (Windows NT 10.0; WOW64; Trident/7.0; LCTE; rv:11.0) like Gecko'),('192.168.1.1','2018-01-12 12:14:06','root','Mozilla/5.0 (Windows NT 10.0; Win64; x64) AppleWebKit/537.36 (KHTML, like Gecko) Chrome/62.0.3202.89 Safari/537.36'),('172.25.152.13','2018-01-12 23:17:29','root','Mozilla/5.0 (Windows NT 10.0; Win64; x64) AppleWebKit/537.36 (KHTML, like Gecko) Chrome/62.0.3202.89 Safari/537.36'),('192.168.1.177','2018-01-21 16:45:57','root','Mozilla/5.0 (Windows NT 10.0; Win64; x64) AppleWebKit/537.36 (KHTML, like Gecko) Chrome/63.0.3239.132 Safari/537.36'),('219.131.12.109','2018-01-21 16:46:28','符嘉阳','Mozilla/5.0 (Windows NT 10.0; Win64; x64) AppleWebKit/537.36 (KHTML, like Gecko) Chrome/63.0.3239.132 Safari/537.36'),('219.131.12.109','2018-01-21 17:22:29','root','Mozilla/5.0 (Linux; U; Android 7.0; zh-Hans-CN; SM-G9200 Build/NRD90M) AppleWebKit/537.36 (KHTML, like Gecko) Version/4.0 Chrome/57.0.2987.108 Quark/2.4.0.984 Mobile Safari/537.36'),('219.131.12.109','2018-01-21 17:53:20','符嘉阳','Mozilla/5.0 (Linux; U; Android 7.0; zh-Hans-CN; SM-G9200 Build/NRD90M) AppleWebKit/537.36 (KHTML, like Gecko) Version/4.0 Chrome/57.0.2987.108 Quark/2.4.0.984 Mobile Safari/537.36'),('192.168.1.177','2018-01-21 20:40:50','root','Mozilla/5.0 (Windows NT 10.0; Win64; x64) AppleWebKit/537.36 (KHTML, like Gecko) Chrome/63.0.3239.132 Safari/537.36'),('219.131.12.109','2018-01-21 23:29:34','root','Mozilla/5.0 (Linux; Android 7.1.1; MI 4LTE Build/NMF26Q) AppleWebKit/537.36 (KHTML, like Gecko) Chrome/63.0.3239.111 Mobile Safari/537.36'),('219.131.12.109','2018-01-21 23:31:01','符嘉阳','Mozilla/5.0 (Linux; Android 7.1.1; MI 4LTE Build/NMF26Q) AppleWebKit/537.36 (KHTML, like Gecko) Chrome/63.0.3239.111 Mobile Safari/537.36'),('183.6.91.67','2018-01-22 01:44:08','方健蓬','Mozilla/5.0 (Windows NT 10.0; Win64; x64; rv:57.0) Gecko/20100101 Firefox/57.0'),('113.83.75.229','2018-01-22 13:22:38','root','Mozilla/5.0 (Linux; Android 7.1.1; MI 4LTE Build/NMF26Q) AppleWebKit/537.36 (KHTML, like Gecko) Chrome/63.0.3239.111 Mobile Safari/537.36'),('113.83.75.229','2018-01-22 22:09:10','root','Mozilla/5.0 (Windows NT 10.0; Win64; x64) AppleWebKit/537.36 (KHTML, like Gecko) Chrome/63.0.3239.132 Safari/537.36'),('192.168.1.115','2018-01-24 16:57:34','root','Mozilla/5.0 (Windows NT 10.0; Win64; x64) AppleWebKit/537.36 (KHTML, like Gecko) Chrome/63.0.3239.132 Safari/537.36'),('192.168.1.177','2018-01-25 20:44:31','root','Mozilla/5.0 (Windows NT 10.0; Win64; x64) AppleWebKit/537.36 (KHTML, like Gecko) Chrome/63.0.3239.132 Safari/537.36'),('192.168.1.177','2018-01-26 17:11:50','root','Mozilla/5.0 (Windows NT 10.0; Win64; x64) AppleWebKit/537.36 (KHTML, like Gecko) Chrome/63.0.3239.132 Safari/537.36'),('113.83.72.188','2018-01-27 08:56:01','root','Mozilla/5.0 (Linux; Android 7.1.1; MI 4LTE Build/NMF26Q) AppleWebKit/537.36 (KHTML, like Gecko) Chrome/63.0.3239.111 Mobile Safari/537.36'),('120.229.75.39','2018-02-03 00:27:18','廖俊宝','Mozilla/5.0 (Windows NT 10.0; WOW64) AppleWebKit/537.36 (KHTML, like Gecko) Chrome/55.0.2883.87 Safari/537.36'),('183.40.7.9','2018-02-04 14:49:54','蓝钜','Mozilla/5.0 (Windows NT 10.0; Win64; x64; rv:57.0) Gecko/20100101 Firefox/57.0'),('113.83.73.7','2018-02-04 15:37:41','root','Mozilla/5.0 (Linux; Android 7.1.1; ONEPLUS A5010 Build/NMF26X) AppleWebKit/537.36 (KHTML, like Gecko) Chrome/64.0.3282.137 Mobile Safari/537.36'),('183.40.7.9','2018-02-04 21:25:04','蓝钜','Mozilla/5.0 (Windows NT 10.0; WOW64) AppleWebKit/537.36 (KHTML, like Gecko) Chrome/55.0.2883.87 Safari/537.36'),('14.25.230.176','2018-02-05 14:06:28','蓝钜','Mozilla/5.0 (Windows NT 10.0; WOW64) AppleWebKit/537.36 (KHTML, like Gecko) Chrome/55.0.2883.87 Safari/537.36'),('219.131.13.204','2018-02-07 08:57:27','root','Mozilla/5.0 (Linux; Android 7.1.1; ONEPLUS A5010 Build/NMF26X) AppleWebKit/537.36 (KHTML, like Gecko) Chrome/64.0.3282.137 Mobile Safari/537.36'),('176.122.138.235','2018-02-08 13:05:27','root','Mozilla/5.0 (Windows NT 10.0; Win64; x64) AppleWebKit/537.36 (KHTML, like Gecko) Chrome/63.0.3239.132 Safari/537.36'),('183.31.8.161','2018-02-23 19:59:59','符嘉阳','Mozilla/5.0 (Windows NT 10.0; Win64; x64) AppleWebKit/537.36 (KHTML, like Gecko) Chrome/64.0.3282.167 Safari/537.36'),('183.31.8.161','2018-02-23 20:01:56','root','Mozilla/5.0 (Windows NT 10.0; Win64; x64) AppleWebKit/537.36 (KHTML, like Gecko) Chrome/64.0.3282.167 Safari/537.36'),('112.96.115.216','2018-02-23 20:02:08','符嘉阳','Mozilla/5.0 (iPhone; CPU iPhone OS 11_0_3 like Mac OS X) AppleWebKit/604.1.38 (KHTML, like Gecko) Mobile/15A432 MicroMessenger/6.6.3 NetType/4G Language/zh_CN'),('112.96.115.216','2018-02-23 20:03:26','符嘉阳','Mozilla/5.0 (iPhone; CPU iPhone OS 11_0_3 like Mac OS X) AppleWebKit/604.1.38 (KHTML, like Gecko) Mobile/15A432 MicroMessenger/6.6.3 NetType/4G Language/zh_CN'),('183.31.8.161, 183.36.112.205','2018-02-23 20:04:19','符嘉阳','Mozilla/5.0 (Linux; Android 7.1.1; ONEPLUS A5010 Build/NMF26X; wv) AppleWebKit/537.36 (KHTML, like Gecko) Version/4.0 Chrome/57.0.2987.132 MQQBrowser/6.2 TBS/043906 Mobile Safari/537.36 MicroMessenger/6.6.3.1260(0x26060339) NetType/WIFI Language/zh_CN'),('183.31.8.161','2018-02-23 20:05:47','符嘉阳','Mozilla/5.0 (Linux; U; Android 7.1.1; zh-CN; ONEPLUS A5010 Build/NMF26X) AppleWebKit/537.36 (KHTML, like Gecko) Version/4.0 Chrome/57.0.2987.108 Quark/2.4.1.985 Mobile Safari/537.36'),('183.31.8.161','2018-02-23 20:12:47','root','Mozilla/5.0 (Windows NT 10.0; Win64; x64) AppleWebKit/537.36 (KHTML, like Gecko) Chrome/64.0.3282.167 Safari/537.36'),('183.48.22.228','2018-02-23 20:15:21','符嘉阳','Mozilla/5.0 (Windows NT 10.0; WOW64) AppleWebKit/537.36 (KHTML, like Gecko) Chrome/63.0.3239.132 Safari/537.36'),('183.48.22.228','2018-02-23 20:18:45','符嘉阳','Mozilla/5.0 (Windows NT 10.0; WOW64) AppleWebKit/537.36 (KHTML, like Gecko) Chrome/63.0.3239.132 Safari/537.36'),('183.48.22.228, 183.3.255.32','2018-02-23 20:21:59','符嘉阳','Mozilla/5.0 (Linux; Android 7.0; SM-G9500 Build/NRD90M; wv) AppleWebKit/537.36 (KHTML, like Gecko) Version/4.0 Chrome/57.0.2987.132 MQQBrowser/6.2 TBS/043906 Mobile Safari/537.36 MicroMessenger/6.6.3.1260(0x26060339) NetType/WIFI Language/zh_CN'),('183.48.22.228, 183.3.255.32','2018-02-23 20:22:49','符嘉阳','Mozilla/5.0 (Linux; Android 7.0; SM-G9500 Build/NRD90M; wv) AppleWebKit/537.36 (KHTML, like Gecko) Version/4.0 Chrome/57.0.2987.132 MQQBrowser/6.2 TBS/043906 Mobile Safari/537.36 MicroMessenger/6.6.3.1260(0x26060339) NetType/WIFI Language/zh_CN'),('112.96.115.216','2018-02-23 21:16:24','符嘉阳','Mozilla/5.0 (iPhone; CPU iPhone OS 11_0_3 like Mac OS X) AppleWebKit/604.1.38 (KHTML, like Gecko) Mobile/15A432 MicroMessenger/6.6.3 NetType/4G Language/zh_CN'),('183.48.22.228','2018-02-23 23:16:20','符嘉阳','Mozilla/5.0 (Windows NT 6.1; WOW64) AppleWebKit/537.36 (KHTML, like Gecko) Chrome/39.0.2171.95 Safari/537.36 MicroMessenger/6.5.2.501 NetType/WIFI WindowsWechat QBCore/3.43.691.400 QQBrowser/9.0.2524.400'),('183.48.22.228','2018-02-23 23:22:13','符嘉阳','Mozilla/5.0 (Linux; Android 7.0; SM-G9500 Build/NRD90M; wv) AppleWebKit/537.36 (KHTML, like Gecko) Version/4.0 Chrome/57.0.2987.132 MQQBrowser/6.2 TBS/043906 Mobile Safari/537.36 MicroMessenger/6.6.3.1260(0x26060339) NetType/WIFI Language/zh_CN'),('183.48.22.228','2018-02-23 23:25:18','符嘉阳','Mozilla/5.0 (Linux; Android 7.0; SM-G9500 Build/NRD90M; wv) AppleWebKit/537.36 (KHTML, like Gecko) Version/4.0 Chrome/57.0.2987.132 MQQBrowser/6.2 TBS/043906 Mobile Safari/537.36 MicroMessenger/6.6.3.1260(0x26060339) NetType/WIFI Language/zh_CN'),('183.48.22.228','2018-02-23 23:29:14','符嘉阳','Mozilla/5.0 (Windows NT 10.0; WOW64) AppleWebKit/537.36 (KHTML, like Gecko) Chrome/63.0.3239.132 Safari/537.36'),('121.33.197.91','2018-02-24 09:48:23','符嘉阳','Mozilla/5.0 (Windows NT 6.1; Win64; x64) AppleWebKit/537.36 (KHTML, like Gecko) Chrome/63.0.3239.132 Safari/537.36'),('192.168.1.177','2018-02-24 12:56:10','root','Mozilla/5.0 (Windows NT 10.0; Win64; x64) AppleWebKit/537.36 (KHTML, like Gecko) Chrome/64.0.3282.167 Safari/537.36'),('192.168.1.177','2018-02-27 15:26:01','root','Mozilla/5.0 (Windows NT 10.0; Win64; x64) AppleWebKit/537.36 (KHTML, like Gecko) Chrome/64.0.3282.167 Safari/537.36'),('183.31.8.73','2018-03-01 16:05:41','root','Mozilla/5.0 (Windows NT 10.0; Win64; x64) AppleWebKit/537.36 (KHTML, like Gecko) Chrome/64.0.3282.186 Safari/537.36'),('183.31.8.73','2018-03-01 19:58:44','root','Mozilla/5.0 (Windows NT 10.0; Win64; x64) AppleWebKit/537.36 (KHTML, like Gecko) Chrome/64.0.3282.186 Safari/537.36'),('183.31.8.73','2018-03-02 09:49:42','符嘉阳','Mozilla/5.0 (Windows NT 10.0; Win64; x64) AppleWebKit/537.36 (KHTML, like Gecko) Chrome/64.0.3282.186 Safari/537.36'),('183.31.8.73','2018-03-02 09:52:58','root','Mozilla/5.0 (Windows NT 10.0; Win64; x64) AppleWebKit/537.36 (KHTML, like Gecko) Chrome/64.0.3282.186 Safari/537.36'),('183.31.8.73','2018-03-02 09:53:23','符嘉阳','Mozilla/5.0 (Windows NT 10.0; Win64; x64) AppleWebKit/537.36 (KHTML, like Gecko) Chrome/64.0.3282.186 Safari/537.36'),('183.31.8.73','2018-03-02 09:54:41','root','Mozilla/5.0 (Windows NT 10.0; Win64; x64) AppleWebKit/537.36 (KHTML, like Gecko) Chrome/64.0.3282.186 Safari/537.36'),('14.25.246.208','2018-03-03 17:36:12','root','Mozilla/5.0 (Linux; Android 8.0.0; ONEPLUS A5010 Build/OPR6.170623.013) AppleWebKit/537.36 (KHTML, like Gecko) Chrome/64.0.3282.137 Mobile Safari/537.36'),('183.6.91.69','2018-03-03 19:30:02','root','Mozilla/5.0 (Windows NT 10.0; Win64; x64) AppleWebKit/537.36 (KHTML, like Gecko) Chrome/64.0.3282.186 Safari/537.36'),('183.6.91.69','2018-03-03 20:12:44','root','Mozilla/5.0 (Windows NT 10.0; Win64; x64) AppleWebKit/537.36 (KHTML, like Gecko) Chrome/64.0.3282.186 Safari/537.36'),('183.6.141.56','2018-03-03 20:13:01','黄海文','Mozilla/5.0 (Windows NT 6.1; WOW64) AppleWebKit/537.36 (KHTML, like Gecko) Chrome/39.0.2171.95 Safari/537.36 MicroMessenger/6.5.2.501 NetType/WIFI WindowsWechat QBCore/3.43.691.400 QQBrowser/9.0.2524.400'),('183.6.91.69','2018-03-03 20:16:44','符嘉阳','Mozilla/5.0 (Windows NT 10.0; Win64; x64) AppleWebKit/537.36 (KHTML, like Gecko) Chrome/64.0.3282.186 Safari/537.36'),('183.6.141.56','2018-03-03 20:31:31','黄海文','Mozilla/5.0 (Windows NT 6.1; WOW64) AppleWebKit/537.36 (KHTML, like Gecko) Chrome/39.0.2171.95 Safari/537.36 MicroMessenger/6.5.2.501 NetType/WIFI WindowsWechat QBCore/3.43.691.400 QQBrowser/9.0.2524.400'),('183.6.91.69','2018-03-03 21:14:18','root','Mozilla/5.0 (Windows NT 10.0; Win64; x64) AppleWebKit/537.36 (KHTML, like Gecko) Chrome/64.0.3282.186 Safari/537.36'),('183.6.91.69','2018-03-03 22:21:02','root','Mozilla/5.0 (Windows NT 10.0; Win64; x64) AppleWebKit/537.36 (KHTML, like Gecko) Chrome/64.0.3282.186 Safari/537.36'),('183.6.91.67','2018-03-03 22:53:26','蓝钜','Mozilla/5.0 (Windows NT 10.0; WOW64) AppleWebKit/537.36 (KHTML, like Gecko) Chrome/55.0.2883.87 Safari/537.36'),('183.42.69.197','2018-03-04 09:32:23','root','Mozilla/5.0 (Linux; Android 8.0.0; ONEPLUS A5010 Build/OPR6.170623.013) AppleWebKit/537.36 (KHTML, like Gecko) Chrome/64.0.3282.137 Mobile Safari/537.36'),('113.65.146.175','2018-03-04 10:30:20','巫雪银','Mozilla/5.0 (Linux; Android 7.0; PRO 5 Build/NRD90M; wv) AppleWebKit/537.36 (KHTML, like Gecko) Version/4.0 Chrome/57.0.2987.132 MQQBrowser/6.2 TBS/043906 Mobile Safari/537.36 MicroMessenger/6.6.3.1260(0x26060339) NetType/WIFI Language/en'),('183.42.69.197','2018-03-04 10:31:08','符嘉阳','Mozilla/5.0 (Linux; Android 8.0.0; ONEPLUS A5010 Build/OPR6.170623.013) AppleWebKit/537.36 (KHTML, like Gecko) Chrome/64.0.3282.137 Mobile Safari/537.36'),('112.96.164.115','2018-03-04 10:31:37','黄培真','Mozilla/5.0 (Linux; Android 5.1; M3s Build/LMY47I; wv) AppleWebKit/537.36 (KHTML, like Gecko) Version/4.0 Chrome/57.0.2987.132 MQQBrowser/6.2 TBS/043807 Mobile Safari/537.36 MicroMessenger/6.6.3.1260(0x26060339) NetType/4G Language/zh_CN'),('218.19.136.32','2018-03-04 10:36:17','root','Mozilla/5.0 (Linux; Android 8.0.0; ONEPLUS A5010 Build/OPR6.170623.013) AppleWebKit/537.36 (KHTML, like Gecko) Chrome/64.0.3282.137 Mobile Safari/537.36'),('183.6.91.69','2018-03-04 10:56:19','root','Mozilla/5.0 (Windows NT 10.0; Win64; x64) AppleWebKit/537.36 (KHTML, like Gecko) Chrome/64.0.3282.186 Safari/537.36'),('183.6.141.84','2018-03-04 11:04:11','黄培真','Mozilla/5.0 (Windows NT 6.1; WOW64) AppleWebKit/537.36 (KHTML, like Gecko) Chrome/65.0.3298.4 Safari/537.36'),('183.6.91.69','2018-03-04 11:26:41','root','Mozilla/5.0 (Windows NT 10.0; Win64; x64) AppleWebKit/537.36 (KHTML, like Gecko) Chrome/64.0.3282.186 Safari/537.36'),('183.6.91.69','2018-03-04 13:00:58','root','Mozilla/5.0 (Windows NT 10.0; Win64; x64) AppleWebKit/537.36 (KHTML, like Gecko) Chrome/64.0.3282.186 Safari/537.36'),('183.6.91.69','2018-03-04 13:05:06','root','Mozilla/5.0 (Windows NT 10.0; Win64; x64) AppleWebKit/537.36 (KHTML, like Gecko) Chrome/64.0.3282.186 Safari/537.36'),('183.6.91.69','2018-03-04 13:13:44','root','Mozilla/5.0 (Windows NT 10.0; Win64; x64) AppleWebKit/537.36 (KHTML, like Gecko) Chrome/64.0.3282.186 Safari/537.36'),('183.6.92.65','2018-03-04 15:32:38','root','Mozilla/5.0 (Linux; Android 8.0.0; ONEPLUS A5010 Build/OPR6.170623.013) AppleWebKit/537.36 (KHTML, like Gecko) Chrome/64.0.3282.137 Mobile Safari/537.36'),('183.6.91.69','2018-03-04 17:40:53','root','Mozilla/5.0 (Windows NT 10.0; Win64; x64) AppleWebKit/537.36 (KHTML, like Gecko) Chrome/64.0.3282.186 Safari/537.36'),('112.96.66.11','2018-03-04 17:57:05','黄海文','Mozilla/5.0 (Linux; Android 6.0.1; 1605-A01 Build/MMB29M; wv) AppleWebKit/537.36 (KHTML, like Gecko) Version/4.0 Chrome/57.0.2987.132 MQQBrowser/6.2 TBS/043906 Mobile Safari/537.36 MicroMessenger/6.6.3.1260(0x26060339) NetType/4G Language/zh_CN'),('183.6.141.56','2018-03-04 18:00:32','黄海文','Mozilla/5.0 (Windows NT 6.1; WOW64) AppleWebKit/537.36 (KHTML, like Gecko) Chrome/39.0.2171.95 Safari/537.36 MicroMessenger/6.5.2.501 NetType/WIFI WindowsWechat QBCore/3.43.691.400 QQBrowser/9.0.2524.400'),('183.6.141.56','2018-03-04 18:05:55','黄海文','Mozilla/5.0 (Windows NT 6.1; WOW64) AppleWebKit/537.36 (KHTML, like Gecko) Chrome/39.0.2171.95 Safari/537.36 MicroMessenger/6.5.2.501 NetType/WIFI WindowsWechat QBCore/3.43.691.400 QQBrowser/9.0.2524.400'),('183.6.91.69','2018-03-04 18:10:28','root','Mozilla/5.0 (Windows NT 10.0; Win64; x64) AppleWebKit/537.36 (KHTML, like Gecko) Chrome/64.0.3282.186 Safari/537.36'),('183.6.91.69','2018-03-04 18:45:57','root','Mozilla/5.0 (Windows NT 10.0; Win64; x64) AppleWebKit/537.36 (KHTML, like Gecko) Chrome/64.0.3282.186 Safari/537.36'),('183.6.91.69','2018-03-04 18:46:07','root','Mozilla/5.0 (Windows NT 10.0; Win64; x64) AppleWebKit/537.36 (KHTML, like Gecko) Chrome/64.0.3282.186 Safari/537.36'),('183.6.91.67','2018-03-04 18:53:02','蓝钜','Mozilla/5.0 (Windows NT 6.1; WOW64) AppleWebKit/537.36 (KHTML, like Gecko) Chrome/39.0.2171.95 Safari/537.36 MicroMessenger/6.5.2.501 NetType/WIFI WindowsWechat QBCore/3.43.691.400 QQBrowser/9.0.2524.400'),('183.6.91.69','2018-03-04 18:53:02','符嘉阳','Mozilla/5.0 (Windows NT 10.0; WOW64) AppleWebKit/537.36 (KHTML, like Gecko) Chrome/53.0.2785.104 Safari/537.36 Core/1.53.4549.400 QQBrowser/9.7.12900.400'),('183.6.142.38','2018-03-04 18:53:16','麦贵淇','Mozilla/5.0 (Windows NT 6.1; WOW64) AppleWebKit/537.36 (KHTML, like Gecko) Chrome/39.0.2171.95 Safari/537.36 MicroMessenger/6.5.2.501 NetType/WIFI WindowsWechat QBCore/3.43.691.400 QQBrowser/9.0.2524.400'),('183.6.141.84','2018-03-04 18:53:16','黄培真','Mozilla/5.0 (Windows NT 6.1; WOW64) AppleWebKit/537.36 (KHTML, like Gecko) Chrome/39.0.2171.95 Safari/537.36 MicroMessenger/6.5.2.501 NetType/WIFI WindowsWechat QBCore/3.43.691.400 QQBrowser/9.0.2524.400'),('113.65.146.175','2018-03-04 18:53:17','巫雪银','Mozilla/5.0 (Linux; Android 7.0; PRO 5 Build/NRD90M; wv) AppleWebKit/537.36 (KHTML, like Gecko) Version/4.0 Chrome/57.0.2987.132 MQQBrowser/6.2 TBS/043906 Mobile Safari/537.36 MicroMessenger/6.6.3.1260(0x26060339) NetType/WIFI Language/en'),('183.6.141.240','2018-03-04 18:53:28','冼升敏','Mozilla/5.0 (Windows NT 6.3; Win64; x64) AppleWebKit/537.36 (KHTML, like Gecko) Chrome/64.0.3282.140 Safari/537.36'),('183.6.91.67','2018-03-04 18:53:38','蓝钜','Mozilla/5.0 (Windows NT 10.0; WOW64) AppleWebKit/537.36 (KHTML, like Gecko) Chrome/55.0.2883.87 Safari/537.36'),('112.96.100.156','2018-03-04 18:53:39','杨诗敏','Mozilla/5.0 (Linux; Android 7.0; EVA-L19 Build/HUAWEIEVA-L19; wv) AppleWebKit/537.36 (KHTML, like Gecko) Version/4.0 Chrome/57.0.2987.132 MQQBrowser/6.2 TBS/043909 Mobile Safari/537.36 MicroMessenger/6.6.3.1260(0x26060339) NetType/4G Language/zh_CN'),('183.6.92.65','2018-03-04 18:53:45','陈永健','Mozilla/5.0 (Windows NT 6.1; WOW64) AppleWebKit/537.36 (KHTML, like Gecko) Chrome/39.0.2171.95 Safari/537.36 MicroMessenger/6.5.2.501 NetType/WIFI WindowsWechat QBCore/3.43.691.400 QQBrowser/9.0.2524.400'),('183.6.141.15','2018-03-04 18:54:10','廖俊宝','Mozilla/5.0 (Windows NT 10.0; WOW64) AppleWebKit/537.36 (KHTML, like Gecko) Chrome/55.0.2883.87 Safari/537.36'),('183.6.141.230','2018-03-04 18:54:14','苏梦渲','Mozilla/5.0 (Windows NT 6.1; WOW64) AppleWebKit/537.36 (KHTML, like Gecko) Chrome/39.0.2171.95 Safari/537.36 MicroMessenger/6.5.2.501 NetType/WIFI WindowsWechat QBCore/3.43.691.400 QQBrowser/9.0.2524.400'),('112.96.115.92','2018-03-04 18:54:30','谢婉君','Mozilla/5.0 (iPhone; CPU iPhone OS 10_3_3 like Mac OS X) AppleWebKit/603.3.8 (KHTML, like Gecko) Mobile/14G60 MicroMessenger/6.5.18 NetType/4G Language/zh_CN'),('117.136.32.54','2018-03-04 18:54:35','李思嘉','Mozilla/5.0 (Linux; Android 7.0; PRA-AL00X Build/HONORPRA-AL00X; wv) AppleWebKit/537.36 (KHTML, like Gecko) Version/4.0 Chrome/57.0.2987.132 MQQBrowser/6.2 TBS/043906 Mobile Safari/537.36 MicroMessenger/6.6.3.1260(0x26060339) NetType/4G Language/zh_HK'),('117.136.79.61','2018-03-04 18:54:54','吴李杏','Mozilla/5.0 (Linux; Android 6.0; CAM-AL00 Build/HONORCAM-AL00; wv) AppleWebKit/537.36 (KHTML, like Gecko) Version/4.0 Chrome/57.0.2987.132 MQQBrowser/6.2 TBS/043906 Mobile Safari/537.36 MicroMessenger/6.6.3.1260(0x26060339) NetType/4G Language/zh_CN'),('183.6.90.194','2018-03-04 18:55:00','刘立金','Mozilla/5.0 (Linux; Android 6.0.1; OPPO R9s Plus Build/MMB29M; wv) AppleWebKit/537.36 (KHTML, like Gecko) Version/4.0 Chrome/57.0.2987.132 MQQBrowser/6.2 TBS/043906 Mobile Safari/537.36 MicroMessenger/6.6.3.1260(0x26060339) NetType/WIFI Language/zh_CN'),('112.97.56.5','2018-03-04 18:55:03','陈宇轩','Mozilla/5.0 (Linux; Android 7.0; M5 Note Build/NRD90M; wv) AppleWebKit/537.36 (KHTML, like Gecko) Version/4.0 Chrome/57.0.2987.132 MQQBrowser/6.2 TBS/043909 Mobile Safari/537.36 MicroMessenger/6.6.5.1260(0x26060530) NetType/4G Language/zh_CN'),('112.96.33.7','2018-03-04 18:55:09','卢丹娜','Mozilla/5.0 (Linux; Android 7.1.1; ONEPLUS A3010 Build/NMF26F; wv) AppleWebKit/537.36 (KHTML, like Gecko) Version/4.0 Chrome/57.0.2987.132 MQQBrowser/6.2 TBS/043906 Mobile Safari/537.36 MicroMessenger/6.6.3.1260(0x26060339) NetType/4G Language/zh_CN'),('113.65.146.175','2018-03-04 18:55:58','巫雪银','Mozilla/5.0 (Windows NT 10.0; WOW64) AppleWebKit/537.36 (KHTML, like Gecko) Chrome/53.0.2785.104 Safari/537.36 Core/1.53.4549.400 QQBrowser/9.7.12900.400'),('183.6.91.67','2018-03-04 18:56:07','刘建锋','Mozilla/5.0 (Windows NT 6.3; WOW64) AppleWebKit/537.36 (KHTML, like Gecko) Chrome/55.0.2883.87 Safari/537.36'),('112.96.100.156','2018-03-04 18:57:14','杨诗敏','Mozilla/5.0 (Linux; Android 7.0; EVA-L19 Build/HUAWEIEVA-L19; wv) AppleWebKit/537.36 (KHTML, like Gecko) Version/4.0 Chrome/57.0.2987.132 MQQBrowser/6.2 TBS/043909 Mobile Safari/537.36 MicroMessenger/6.6.3.1260(0x26060339) NetType/4G Language/zh_CN'),('117.136.79.61','2018-03-04 18:57:47','吴李杏','Mozilla/5.0 (Linux; Android 6.0; CAM-AL00 Build/HONORCAM-AL00; wv) AppleWebKit/537.36 (KHTML, like Gecko) Version/4.0 Chrome/57.0.2987.132 MQQBrowser/6.2 TBS/043906 Mobile Safari/537.36 MicroMessenger/6.6.3.1260(0x26060339) NetType/4G Language/zh_CN'),('183.6.91.69','2018-03-04 18:58:56','root','Mozilla/5.0 (Windows NT 10.0; Win64; x64) AppleWebKit/537.36 (KHTML, like Gecko) Chrome/64.0.3282.186 Safari/537.36'),('112.96.100.156','2018-03-04 18:58:59','杨诗敏','Mozilla/5.0 (Linux; Android 7.0; EVA-L19 Build/HUAWEIEVA-L19; wv) AppleWebKit/537.36 (KHTML, like Gecko) Version/4.0 Chrome/57.0.2987.132 MQQBrowser/6.2 TBS/043909 Mobile Safari/537.36 MicroMessenger/6.6.3.1260(0x26060339) NetType/4G Language/zh_CN'),('183.6.137.123','2018-03-04 18:59:02','谢婉君','Mozilla/5.0 (Windows NT 6.3; WOW64) AppleWebKit/537.36 (KHTML, like Gecko) Chrome/55.0.2883.87 Safari/537.36'),('112.96.100.156','2018-03-04 18:59:17','杨诗敏','Mozilla/5.0 (Linux; Android 7.0; EVA-L19 Build/HUAWEIEVA-L19; wv) AppleWebKit/537.36 (KHTML, like Gecko) Version/4.0 Chrome/57.0.2987.132 MQQBrowser/6.2 TBS/043909 Mobile Safari/537.36 MicroMessenger/6.6.3.1260(0x26060339) NetType/4G Language/zh_CN'),('112.96.100.156','2018-03-04 19:00:18','杨诗敏','Mozilla/5.0 (Linux; Android 7.0; EVA-L19 Build/HUAWEIEVA-L19; wv) AppleWebKit/537.36 (KHTML, like Gecko) Version/4.0 Chrome/57.0.2987.132 MQQBrowser/6.2 TBS/043909 Mobile Safari/537.36 MicroMessenger/6.6.3.1260(0x26060339) NetType/4G Language/zh_CN'),('112.96.115.92','2018-03-04 19:00:32','谢婉君','Mozilla/5.0 (iPhone; CPU iPhone OS 10_3_3 like Mac OS X) AppleWebKit/603.3.8 (KHTML, like Gecko) Mobile/14G60 MicroMessenger/6.5.18 NetType/4G Language/zh_CN'),('117.136.79.61','2018-03-04 19:00:53','吴李杏','Mozilla/5.0 (Linux; Android 6.0; CAM-AL00 Build/HONORCAM-AL00; wv) AppleWebKit/537.36 (KHTML, like Gecko) Version/4.0 Chrome/57.0.2987.132 MQQBrowser/6.2 TBS/043906 Mobile Safari/537.36 MicroMessenger/6.6.3.1260(0x26060339) NetType/4G Language/zh_CN'),('183.6.92.65','2018-03-04 19:03:17','莫君铭','Mozilla/5.0 (iPhone; CPU iPhone OS 10_3_3 like Mac OS X) AppleWebKit/603.3.8 (KHTML, like Gecko) Mobile/14G60 MicroMessenger/6.6.5 NetType/WIFI Language/zh_CN'),('106.47.240.199','2018-03-04 19:03:27','刘乃晋','Mozilla/5.0 (Linux; Android 8.0; VTR-AL00 Build/HUAWEIVTR-AL00; wv) AppleWebKit/537.36 (KHTML, like Gecko) Version/4.0 Chrome/57.0.2987.132 MQQBrowser/6.2 TBS/043909 Mobile Safari/537.36 MicroMessenger/6.6.3.1260(0x26060339) NetType/4G Language/zh_CN'),('183.40.231.138','2018-03-04 19:04:01','郭兆聪','Mozilla/5.0 (Linux; Android 7.1.1; MI 6 Build/NMF26X; wv) AppleWebKit/537.36 (KHTML, like Gecko) Version/4.0 Chrome/57.0.2987.132 MQQBrowser/6.2 TBS/043906 Mobile Safari/537.36 MicroMessenger/6.6.3.1260(0x26060339) NetType/4G Language/zh_CN'),('119.131.60.248','2018-03-04 19:04:22','刘晓宜','Mozilla/5.0 (Linux; Android 4.4.4; MI NOTE LTE Build/KTU84P; wv) AppleWebKit/537.36 (KHTML, like Gecko) Version/4.0 Chrome/57.0.2987.132 MQQBrowser/6.2 TBS/043909 Mobile Safari/537.36 MicroMessenger/6.6.3.1260(0x26060339) NetType/WIFI Language/zh_CN'),('112.96.115.92','2018-03-04 19:04:53','谢婉君','Mozilla/5.0 (iPhone; CPU iPhone OS 10_3_3 like Mac OS X) AppleWebKit/603.3.8 (KHTML, like Gecko) Mobile/14G60 MicroMessenger/6.5.18 NetType/4G Language/zh_CN'),('119.131.60.248','2018-03-04 19:05:52','刘晓宜','Mozilla/5.0 (Linux; Android 4.4.4; MI NOTE LTE Build/KTU84P; wv) AppleWebKit/537.36 (KHTML, like Gecko) Version/4.0 Chrome/57.0.2987.132 MQQBrowser/6.2 TBS/043909 Mobile Safari/537.36 MicroMessenger/6.6.3.1260(0x26060339) NetType/WIFI Language/zh_CN'),('183.6.141.230','2018-03-04 19:06:27','苏梦渲','Mozilla/5.0 (Windows NT 6.1; WOW64) AppleWebKit/537.36 (KHTML, like Gecko) Chrome/39.0.2171.95 Safari/537.36 MicroMessenger/6.5.2.501 NetType/WIFI WindowsWechat QBCore/3.43.691.400 QQBrowser/9.0.2524.400'),('119.131.60.248','2018-03-04 19:06:59','刘晓宜','Mozilla/5.0 (Linux; Android 4.4.4; MI NOTE LTE Build/KTU84P; wv) AppleWebKit/537.36 (KHTML, like Gecko) Version/4.0 Chrome/57.0.2987.132 MQQBrowser/6.2 TBS/043909 Mobile Safari/537.36 MicroMessenger/6.6.3.1260(0x26060339) NetType/WIFI Language/zh_CN'),('183.6.141.239','2018-03-04 19:10:15','徐晓珊','Mozilla/5.0 (Linux; Android 8.0; VTR-AL00 Build/HUAWEIVTR-AL00; wv) AppleWebKit/537.36 (KHTML, like Gecko) Version/4.0 Chrome/57.0.2987.132 MQQBrowser/6.2 TBS/043906 Mobile Safari/537.36 MicroMessenger/6.6.3.1260(0x26060339) NetType/WIFI Language/zh_CN'),('112.96.66.11','2018-03-04 19:11:55','黄海文','Mozilla/5.0 (Linux; Android 6.0.1; 1605-A01 Build/MMB29M; wv) AppleWebKit/537.36 (KHTML, like Gecko) Version/4.0 Chrome/57.0.2987.132 MQQBrowser/6.2 TBS/043906 Mobile Safari/537.36 MicroMessenger/6.6.3.1260(0x26060339) NetType/4G Language/zh_CN'),('112.96.66.11','2018-03-04 19:12:53','黄海文','Mozilla/5.0 (Linux; Android 6.0.1; 1605-A01 Build/MMB29M; wv) AppleWebKit/537.36 (KHTML, like Gecko) Version/4.0 Chrome/57.0.2987.132 MQQBrowser/6.2 TBS/043906 Mobile Safari/537.36 MicroMessenger/6.6.3.1260(0x26060339) NetType/4G Language/zh_CN'),('183.6.141.56','2018-03-04 19:13:32','黄海文','Mozilla/5.0 (Windows NT 6.1; WOW64) AppleWebKit/537.36 (KHTML, like Gecko) Chrome/39.0.2171.95 Safari/537.36 MicroMessenger/6.5.2.501 NetType/WIFI WindowsWechat QBCore/3.43.691.400 QQBrowser/9.0.2524.400'),('112.96.198.66','2018-03-04 19:14:47','黎晓乔','Mozilla/5.0 (Linux; Android 6.0; vivo Y67 Build/MRA58K; wv) AppleWebKit/537.36 (KHTML, like Gecko) Version/4.0 Chrome/57.0.2987.132 MQQBrowser/6.2 TBS/043906 Mobile Safari/537.36 MicroMessenger/6.6.3.1260(0x26060339) NetType/4G Language/zh_CN'),('183.6.141.230','2018-03-04 19:20:46','苏梦渲','Mozilla/5.0 (Windows NT 6.1; WOW64) AppleWebKit/537.36 (KHTML, like Gecko) Chrome/39.0.2171.95 Safari/537.36 MicroMessenger/6.5.2.501 NetType/WIFI WindowsWechat QBCore/3.43.691.400 QQBrowser/9.0.2524.400'),('183.6.90.194','2018-03-04 19:23:46','欧元帅','Mozilla/5.0 (Windows NT 6.1; WOW64) AppleWebKit/537.36 (KHTML, like Gecko) Chrome/39.0.2171.95 Safari/537.36 MicroMessenger/6.5.2.501 NetType/WIFI WindowsWechat QBCore/3.43.691.400 QQBrowser/9.0.2524.400'),('183.6.142.11','2018-03-04 19:38:31','陈达英','Mozilla/5.0 (MSIE 9.0; qdesk 2.4.1266.203; Windows NT 6.3; WOW64; Trident/7.0; rv:11.0) like Gecko'),('223.104.65.55','2018-03-04 19:39:09','冯驿宁','Mozilla/5.0 (iPhone; CPU iPhone OS 11_1_2 like Mac OS X) AppleWebKit/604.3.5 (KHTML, like Gecko) Mobile/15B202 MicroMessenger/6.6.3 NetType/4G Language/zh_CN'),('223.104.65.55','2018-03-04 19:40:14','冯驿宁','Mozilla/5.0 (iPhone; CPU iPhone OS 11_1_2 like Mac OS X) AppleWebKit/604.3.5 (KHTML, like Gecko) Mobile/15B202 MicroMessenger/6.6.3 NetType/4G Language/zh_CN'),('223.104.65.55','2018-03-04 19:41:01','冯驿宁','Mozilla/5.0 (iPhone; CPU iPhone OS 11_1_2 like Mac OS X) AppleWebKit/604.3.5 (KHTML, like Gecko) Mobile/15B202 MicroMessenger/6.6.3 NetType/4G Language/zh_CN'),('14.16.195.241','2018-03-04 19:41:18','谭上俊','Mozilla/5.0 (Linux; Android 6.0; PLK-AL10 Build/HONORPLK-AL10; wv) AppleWebKit/537.36 (KHTML, like Gecko) Version/4.0 Chrome/57.0.2987.132 MQQBrowser/6.2 TBS/043906 Mobile Safari/537.36 MicroMessenger/6.6.3.1260(0x26060339) NetType/4G Language/zh_CN'),('183.6.92.194','2018-03-04 19:41:57','郭兆聪','Mozilla/5.0 (Linux; Android 7.1.1; MI 6 Build/NMF26X; wv) AppleWebKit/537.36 (KHTML, like Gecko) Version/4.0 Chrome/57.0.2987.132 MQQBrowser/6.2 TBS/043906 Mobile Safari/537.36 MicroMessenger/6.6.3.1260(0x26060339) NetType/WIFI Language/zh_CN'),('183.6.93.192','2018-03-04 19:43:01','邱佳鹏','Mozilla/5.0 (Linux; Android 7.1.1; MI 6 Build/NMF26X; wv) AppleWebKit/537.36 (KHTML, like Gecko) Version/4.0 Chrome/57.0.2987.132 MQQBrowser/6.2 TBS/043906 Mobile Safari/537.36 MicroMessenger/6.6.1.1220(0x26060135) NetType/WIFI Language/zh_CN'),('112.96.33.53','2018-03-04 19:43:04','张文华','Mozilla/5.0 (Linux; Android 6.0.1; NX529J Build/MMB29M; wv) AppleWebKit/537.36 (KHTML, like Gecko) Version/4.0 Chrome/57.0.2987.132 Mobile Safari/537.36 Mb2345Browser/6.2oem'),('223.104.1.182','2018-03-04 19:43:54','梅珊珊','Mozilla/5.0 (Linux; Android 7.0; Redmi Note 4X Build/NRD90M; wv) AppleWebKit/537.36 (KHTML, like Gecko) Version/4.0 Chrome/61.0.3163.98 Mobile Safari/537.36 V1_AND_SQ_7.5.0_794_YYB_D QQ/7.5.0.3430 NetType/4G WebP/0.4.1 Pixel/1080'),('183.6.91.69','2018-03-04 19:44:27','root','Mozilla/5.0 (Windows NT 10.0; Win64; x64) AppleWebKit/537.36 (KHTML, like Gecko) Chrome/64.0.3282.186 Safari/537.36'),('112.96.33.53','2018-03-04 19:44:29','张文华','Mozilla/5.0 (Linux; Android 6.0.1; NX529J Build/MMB29M; wv) AppleWebKit/537.36 (KHTML, like Gecko) Version/4.0 Chrome/57.0.2987.132 Mobile Safari/537.36 Mb2345Browser/6.2oem'),('183.6.93.192','2018-03-04 19:44:41','邱佳鹏','Mozilla/5.0 (Linux; Android 7.1.1; MI 6 Build/NMF26X; wv) AppleWebKit/537.36 (KHTML, like Gecko) Version/4.0 Chrome/57.0.2987.132 MQQBrowser/6.2 TBS/043906 Mobile Safari/537.36 MicroMessenger/6.6.1.1220(0x26060135) NetType/WIFI Language/zh_CN'),('183.6.92.65','2018-03-04 19:47:37','黄剑腾','Mozilla/5.0 (Linux; Android 7.1.1; vivo X9 Build/NMF26F; wv) AppleWebKit/537.36 (KHTML, like Gecko) Version/4.0 Chrome/57.0.2987.132 MQQBrowser/6.2 TBS/043909 Mobile Safari/537.36 MicroMessenger/6.6.3.1260(0x26060339) NetType/WIFI Language/zh_CN'),('183.6.91.192','2018-03-04 19:48:30','刘洋','Mozilla/5.0 (Linux; Android 7.0; SM-G9350 Build/NRD90M; wv) AppleWebKit/537.36 (KHTML, like Gecko) Version/4.0 Chrome/57.0.2987.132 MQQBrowser/6.2 TBS/043906 Mobile Safari/537.36 MicroMessenger/6.6.3.1260(0x26060336) NetType/WIFI Language/zh_CN'),('14.16.195.241','2018-03-04 19:48:44','谭上俊','Mozilla/5.0 (Linux; Android 6.0; PLK-AL10 Build/HONORPLK-AL10; wv) AppleWebKit/537.36 (KHTML, like Gecko) Version/4.0 Chrome/57.0.2987.132 MQQBrowser/6.2 TBS/043906 Mobile Safari/537.36 MicroMessenger/6.6.3.1260(0x26060339) NetType/4G Language/zh_CN'),('14.16.195.241','2018-03-04 19:54:55','谭上俊','Mozilla/5.0 (Linux; Android 6.0; PLK-AL10 Build/HONORPLK-AL10; wv) AppleWebKit/537.36 (KHTML, like Gecko) Version/4.0 Chrome/57.0.2987.132 MQQBrowser/6.2 TBS/043906 Mobile Safari/537.36 MicroMessenger/6.6.3.1260(0x26060339) NetType/4G Language/zh_CN'),('183.6.93.192','2018-03-04 19:57:42','黎晓乔','libcurl-agent/1.0'),('183.6.93.192','2018-03-04 20:02:44','黎晓乔','libcurl-agent/1.0'),('183.6.142.11','2018-03-04 20:03:23','陈达英','Mozilla/5.0 (MSIE 9.0; qdesk 2.4.1266.203; Windows NT 6.3; WOW64; Trident/7.0; rv:11.0) like Gecko'),('183.6.142.11','2018-03-04 20:06:02','陈达英','Mozilla/5.0 (MSIE 9.0; qdesk 2.4.1266.203; Windows NT 6.3; WOW64; Trident/7.0; rv:11.0) like Gecko'),('183.6.141.240','2018-03-04 20:06:42','冼升敏','Mozilla/5.0 (Windows NT 6.1; WOW64) AppleWebKit/537.36 (KHTML, like Gecko) Chrome/39.0.2171.95 Safari/537.36 MicroMessenger/6.5.2.501 NetType/WIFI WindowsWechat QBCore/3.43.691.400 QQBrowser/9.0.2524.400'),('106.47.240.199','2018-03-04 20:22:52','刘乃晋','Mozilla/5.0 (Linux; Android 8.0; VTR-AL00 Build/HUAWEIVTR-AL00; wv) AppleWebKit/537.36 (KHTML, like Gecko) Version/4.0 Chrome/57.0.2987.132 MQQBrowser/6.2 TBS/043909 Mobile Safari/537.36 MicroMessenger/6.6.3.1260(0x26060339) NetType/4G Language/zh_CN'),('106.47.240.199','2018-03-04 20:26:53','刘乃晋','Mozilla/5.0 (Linux; Android 8.0; VTR-AL00 Build/HUAWEIVTR-AL00; wv) AppleWebKit/537.36 (KHTML, like Gecko) Version/4.0 Chrome/57.0.2987.132 MQQBrowser/6.2 TBS/043909 Mobile Safari/537.36 MicroMessenger/6.6.3.1260(0x26060339) NetType/4G Language/zh_CN'),('223.104.63.88','2018-03-04 20:28:20','叶丹婷','Mozilla/5.0 (Linux; Android 8.0; STF-AL00 Build/HUAWEISTF-AL00; wv) AppleWebKit/537.36 (KHTML, like Gecko) Version/4.0 Chrome/57.0.2987.132 MQQBrowser/6.2 TBS/043906 Mobile Safari/537.36 MicroMessenger/6.6.3.1260(0x26060339) NetType/4G Language/zh_CN'),('117.136.79.19','2018-03-04 20:28:43','陈宝诺','Mozilla/5.0 (Linux; Android 7.0; STF-AL10 Build/HUAWEISTF-AL10; wv) AppleWebKit/537.36 (KHTML, like Gecko) Version/4.0 Chrome/57.0.2987.132 MQQBrowser/6.2 TBS/043906 Mobile Safari/537.36 MicroMessenger/6.6.3.1260(0x26060339) NetType/4G Language/zh_CN'),('117.136.79.19','2018-03-04 20:29:29','陈宝诺','Mozilla/5.0 (Linux; Android 7.0; STF-AL10 Build/HUAWEISTF-AL10; wv) AppleWebKit/537.36 (KHTML, like Gecko) Version/4.0 Chrome/57.0.2987.132 MQQBrowser/6.2 TBS/043906 Mobile Safari/537.36 MicroMessenger/6.6.3.1260(0x26060339) NetType/4G Language/zh_CN'),('223.104.63.88','2018-03-04 20:30:43','叶丹婷','Mozilla/5.0 (Linux; Android 8.0; STF-AL00 Build/HUAWEISTF-AL00; wv) AppleWebKit/537.36 (KHTML, like Gecko) Version/4.0 Chrome/57.0.2987.132 MQQBrowser/6.2 TBS/043906 Mobile Safari/537.36 MicroMessenger/6.6.3.1260(0x26060339) NetType/4G Language/zh_CN'),('183.6.141.239','2018-03-04 20:39:55','徐晓珊','Mozilla/5.0 (Linux; Android 8.0; VTR-AL00 Build/HUAWEIVTR-AL00; wv) AppleWebKit/537.36 (KHTML, like Gecko) Version/4.0 Chrome/57.0.2987.132 MQQBrowser/6.2 TBS/043906 Mobile Safari/537.36 MicroMessenger/6.6.3.1260(0x26060339) NetType/WIFI Language/zh_CN'),('112.96.112.209','2018-03-04 20:40:24','林钰怡','Mozilla/5.0 (Linux; Android 7.1.2; MI 5X Build/N2G47H; wv) AppleWebKit/537.36 (KHTML, like Gecko) Version/4.0 Chrome/62.0.3202.84 Mobile Safari/537.36 V1_AND_SQ_7.5.0_794_YYB_D QQ/7.5.0.3430 NetType/4G WebP/0.4.1 Pixel/1080'),('183.6.92.65','2018-03-04 21:04:58','陈永健','Mozilla/5.0 (Windows NT 6.1; WOW64) AppleWebKit/537.36 (KHTML, like Gecko) Chrome/39.0.2171.95 Safari/537.36 MicroMessenger/6.5.2.501 NetType/WIFI WindowsWechat QBCore/3.43.691.400 QQBrowser/9.0.2524.400'),('112.96.71.94','2018-03-04 21:14:47','梁彩桦','Mozilla/5.0 (Linux; Android 6.0.1; SM-A7000 Build/MMB29M; wv) AppleWebKit/537.36 (KHTML, like Gecko) Version/4.0 Chrome/53.0.2785.49 Mobile MQQBrowser/6.2 TBS/043670 Safari/537.36 MicroMessenger/6.5.13.1100 NetType/4G Language/zh_CN'),('183.6.91.69','2018-03-04 21:15:37','root','Mozilla/5.0 (Windows NT 10.0; Win64; x64) AppleWebKit/537.36 (KHTML, like Gecko) Chrome/64.0.3282.186 Safari/537.36'),('183.6.90.24','2018-03-04 21:16:11','徐英','Mozilla/5.0 (Windows NT 6.1; WOW64) AppleWebKit/537.36 (KHTML, like Gecko) Chrome/39.0.2171.95 Safari/537.36 MicroMessenger/6.5.2.501 NetType/WIFI WindowsWechat QBCore/3.43.691.400 QQBrowser/9.0.2524.400'),('112.96.71.94','2018-03-04 21:19:27','梁彩桦','Mozilla/5.0 (Linux; Android 6.0.1; SM-A7000 Build/MMB29M; wv) AppleWebKit/537.36 (KHTML, like Gecko) Version/4.0 Chrome/53.0.2785.49 Mobile MQQBrowser/6.2 TBS/043670 Safari/537.36 MicroMessenger/6.5.13.1100 NetType/4G Language/zh_CN'),('183.6.91.67','2018-03-04 21:29:42','刘建锋','Mozilla/5.0 (Linux; Android 4.4.2; Che2-TL00 Build/HonorChe2-TL00; wv) AppleWebKit/537.36 (KHTML, like Gecko) Version/4.0 Chrome/57.0.2987.132 MQQBrowser/6.2 TBS/043906 Mobile Safari/537.36 MicroMessenger/6.6.3.1260(0x26060339) NetType/WIFI Language/zh_CN'),('183.6.91.67','2018-03-04 21:31:35','刘建锋','Mozilla/5.0 (Linux; Android 4.4.2; Che2-TL00 Build/HonorChe2-TL00; wv) AppleWebKit/537.36 (KHTML, like Gecko) Version/4.0 Chrome/57.0.2987.132 MQQBrowser/6.2 TBS/043906 Mobile Safari/537.36 MicroMessenger/6.6.3.1260(0x26060339) NetType/WIFI Language/zh_CN'),('119.131.60.248','2018-03-04 21:31:45','刘晓宜','Mozilla/5.0 (Linux; Android 4.4.4; MI NOTE LTE Build/KTU84P; wv) AppleWebKit/537.36 (KHTML, like Gecko) Version/4.0 Chrome/57.0.2987.132 MQQBrowser/6.2 TBS/043909 Mobile Safari/537.36 MicroMessenger/6.6.3.1260(0x26060339) NetType/WIFI Language/zh_CN'),('183.6.90.194','2018-03-04 21:35:56','刘立金','Mozilla/5.0 (Linux; Android 6.0.1; OPPO R9s Plus Build/MMB29M; wv) AppleWebKit/537.36 (KHTML, like Gecko) Version/4.0 Chrome/57.0.2987.132 MQQBrowser/6.2 TBS/043906 Mobile Safari/537.36 MicroMessenger/6.6.3.1260(0x26060339) NetType/WIFI Language/zh_CN'),('183.6.90.194','2018-03-04 21:37:28','刘立金','Mozilla/5.0 (Linux; Android 6.0.1; OPPO R9s Plus Build/MMB29M; wv) AppleWebKit/537.36 (KHTML, like Gecko) Version/4.0 Chrome/57.0.2987.132 MQQBrowser/6.2 TBS/043906 Mobile Safari/537.36 MicroMessenger/6.6.3.1260(0x26060339) NetType/WIFI Language/zh_CN'),('183.6.93.192','2018-03-04 21:55:31','黎晓乔','Mozilla/5.0 (Linux; Android 6.0; vivo Y67 Build/MRA58K; wv) AppleWebKit/537.36 (KHTML, like Gecko) Version/4.0 Chrome/57.0.2987.132 MQQBrowser/6.2 TBS/043906 Mobile Safari/537.36 MicroMessenger/6.6.3.1260(0x26060339) NetType/WIFI Language/zh_CN'),('183.6.91.69','2018-03-04 22:39:54','root','Mozilla/5.0 (Windows NT 10.0; Win64; x64) AppleWebKit/537.36 (KHTML, like Gecko) Chrome/64.0.3282.186 Safari/537.36'),('183.6.91.194','2018-03-04 22:40:02','陈宇轩','Mozilla/5.0 (Windows NT 6.1; WOW64) AppleWebKit/537.36 (KHTML, like Gecko) Chrome/39.0.2171.95 Safari/537.36 MicroMessenger/6.5.2.501 NetType/WIFI WindowsWechat QBCore/3.43.691.400 QQBrowser/9.0.2524.400'),('183.6.91.194','2018-03-04 22:49:23','陈宇轩','Mozilla/5.0 (Windows NT 6.1; WOW64) AppleWebKit/537.36 (KHTML, like Gecko) Chrome/39.0.2171.95 Safari/537.36 MicroMessenger/6.5.2.501 NetType/WIFI WindowsWechat QBCore/3.43.691.400 QQBrowser/9.0.2524.400'),('183.6.92.65','2018-03-04 22:54:24','root','Mozilla/5.0 (Linux; Android 8.0.0; ONEPLUS A5010 Build/OPR6.170623.013) AppleWebKit/537.36 (KHTML, like Gecko) Chrome/64.0.3282.137 Mobile Safari/537.36'),('223.104.1.101','2018-03-04 22:55:13','冯驿宁','Mozilla/5.0 (iPhone; CPU iPhone OS 11_1_2 like Mac OS X) AppleWebKit/604.3.5 (KHTML, like Gecko) Mobile/15B202 MicroMessenger/6.6.3 NetType/4G Language/zh_CN'),('183.6.92.65','2018-03-04 22:56:50','李嘉威','Mozilla/5.0 (iPhone; CPU iPhone OS 11_2_6 like Mac OS X) AppleWebKit/604.5.6 (KHTML, like Gecko) Mobile/15D100 MicroMessenger/6.6.5 NetType/WIFI Language/ja'),('61.140.125.189','2018-03-04 23:35:04','郑景仁','Mozilla/5.0 (Windows NT 6.3; Win64; x64) AppleWebKit/537.36 (KHTML, like Gecko) Chrome/64.0.3282.186 Safari/537.36'),('61.140.125.189','2018-03-05 00:06:45','郑景仁','Mozilla/5.0 (Windows NT 6.3; Win64; x64) AppleWebKit/537.36 (KHTML, like Gecko) Chrome/64.0.3282.186 Safari/537.36'),('61.140.125.168','2018-03-05 00:40:53','陈宇靖','Mozilla/5.0 (iPhone; CPU iPhone OS 11_0_1 like Mac OS X) AppleWebKit/604.1.38 (KHTML, like Gecko) Mobile/15A402 QQ/7.5.0.407 V1_IPH_SQ_7.5.0_1_APP_A Pixel/750 Core/UIWebView Device/Apple(iPhone 7) NetType/WIFI QBWebViewType/1'),('61.140.125.168','2018-03-05 00:44:09','陈宇靖','Mozilla/5.0 (iPhone; CPU iPhone OS 11_0_1 like Mac OS X) AppleWebKit/604.1.38 (KHTML, like Gecko) Mobile/15A402 QQ/7.5.0.407 V1_IPH_SQ_7.5.0_1_APP_A Pixel/750 Core/UIWebView Device/Apple(iPhone 7) NetType/WIFI QBWebViewType/1'),('117.136.40.160','2018-03-05 06:31:31','叶诗琴','Mozilla/5.0 (Linux; Android 5.0; SM-G9008W Build/LRX21T; wv) AppleWebKit/537.36 (KHTML, like Gecko) Version/4.0 Chrome/57.0.2987.132 MQQBrowser/6.2 TBS/043906 Mobile Safari/537.36 MicroMessenger/6.6.3.1260(0x26060339) NetType/4G Language/zh_CN'),('112.96.176.29','2018-03-05 06:35:38','邱佳鹏','Mozilla/5.0 (Linux; Android 7.1.1; MI 6 Build/NMF26X; wv) AppleWebKit/537.36 (KHTML, like Gecko) Version/4.0 Chrome/57.0.2987.132 MQQBrowser/6.2 TBS/043906 Mobile Safari/537.36 MicroMessenger/6.6.1.1220(0x26060135) NetType/4G Language/zh_CN'),('183.42.69.114','2018-03-05 06:45:35','root','Mozilla/5.0 (Linux; Android 8.0.0; ONEPLUS A5010 Build/OPR6.170623.013) AppleWebKit/537.36 (KHTML, like Gecko) Chrome/64.0.3282.137 Mobile Safari/537.36'),('112.96.128.54','2018-03-05 07:36:06','黄培真','Mozilla/5.0 (Linux; Android 5.1; M3s Build/LMY47I; wv) AppleWebKit/537.36 (KHTML, like Gecko) Version/4.0 Chrome/57.0.2987.132 MQQBrowser/6.2 TBS/043807 Mobile Safari/537.36 MicroMessenger/6.6.3.1260(0x26060339) NetType/4G Language/zh_CN'),('117.136.40.151','2018-03-05 09:30:45','叶诗琴','Mozilla/5.0 (Linux; Android 5.0; SM-G9008W Build/LRX21T; wv) AppleWebKit/537.36 (KHTML, like Gecko) Version/4.0 Chrome/57.0.2987.132 MQQBrowser/6.2 TBS/043906 Mobile Safari/537.36 MicroMessenger/6.6.3.1260(0x26060339) NetType/4G Language/zh_CN'),('223.104.63.94','2018-03-05 09:32:00','陈艳婷','Mozilla/5.0 (Linux; Android 6.0.1; SM-G9008W Build/MMB29M; wv) AppleWebKit/537.36 (KHTML, like Gecko) Version/4.0 Chrome/53.0.2785.49 Mobile MQQBrowser/6.2 TBS/043409 Safari/537.36 MicroMessenger/6.6.3.1260(0x26060339) NetType/4G Language/zh_CN'),('183.42.69.114','2018-03-05 09:55:49','root','Mozilla/5.0 (Linux; Android 8.0.0; ONEPLUS A5010 Build/OPR6.170623.013) AppleWebKit/537.36 (KHTML, like Gecko) Chrome/64.0.3282.137 Mobile Safari/537.36'),('61.140.126.84','2018-03-05 10:21:42','麦贵淇','Mozilla/5.0 (Windows NT 10.0; WOW64) AppleWebKit/537.36 (KHTML, like Gecko) Chrome/63.0.3239.108 Safari/537.36'),('112.96.128.54','2018-03-05 10:46:31','黄培真','Mozilla/5.0 (Linux; Android 5.1; M3s Build/LMY47I; wv) AppleWebKit/537.36 (KHTML, like Gecko) Version/4.0 Chrome/57.0.2987.132 MQQBrowser/6.2 TBS/043807 Mobile Safari/537.36 MicroMessenger/6.6.3.1260(0x26060339) NetType/4G Language/zh_CN'),('14.16.41.115','2018-03-05 12:23:35','陈幼婷','Mozilla/5.0 (Linux; Android 4.4.4; vivo X5V Build/KTU84P; wv) AppleWebKit/537.36 (KHTML, like Gecko) Version/4.0 Chrome/57.0.2987.132 MQQBrowser/6.2 TBS/043909 Mobile Safari/537.36 MicroMessenger/6.6.3.1240(0x26060339) NetType/4G Language/zh_CN'),('14.16.41.115','2018-03-05 12:25:21','陈幼婷','Mozilla/5.0 (Linux; Android 4.4.4; vivo X5V Build/KTU84P; wv) AppleWebKit/537.36 (KHTML, like Gecko) Version/4.0 Chrome/57.0.2987.132 MQQBrowser/6.2 TBS/043909 Mobile Safari/537.36 MicroMessenger/6.6.3.1240(0x26060339) NetType/4G Language/zh_CN'),('183.6.91.69','2018-03-05 12:31:43','root','Mozilla/5.0 (Windows NT 10.0; Win64; x64) AppleWebKit/537.36 (KHTML, like Gecko) Chrome/64.0.3282.186 Safari/537.36'),('183.6.91.69','2018-03-05 12:50:12','root','Mozilla/5.0 (Windows NT 10.0; Win64; x64) AppleWebKit/537.36 (KHTML, like Gecko) Chrome/64.0.3282.186 Safari/537.36'),('183.6.91.67','2018-03-05 12:52:59','蓝钜','Mozilla/5.0 (Windows NT 10.0; WOW64) AppleWebKit/537.36 (KHTML, like Gecko) Chrome/55.0.2883.87 Safari/537.36'),('183.6.137.91','2018-03-05 12:53:10','刘晓宜','Mozilla/4.0 (compatible; MSIE 8.0; Windows NT 6.2; Trident/4.0)'),('183.6.137.91','2018-03-05 12:53:28','刘晓宜','Mozilla/4.0 (compatible; MSIE 8.0; Windows NT 6.2; Trident/4.0)'),('117.136.40.164','2018-03-05 15:54:30','徐杜鑫','Mozilla/5.0 (Linux; Android 7.1.1; OPPO A73 Build/N6F26Q; wv) AppleWebKit/537.36 (KHTML, like Gecko) Version/4.0 Chrome/57.0.2987.132 MQQBrowser/6.2 TBS/043906 Mobile Safari/537.36 V1_AND_SQ_7.5.0_794_YYB_D QQ/7.5.0.3430 NetType/4G WebP/0.3.0 Pixel/1080'),('14.16.214.151','2018-03-05 16:12:03','蓝钜','Mozilla/5.0 (Linux; Android 7.0; Mi-4c Build/NRD90M; wv) AppleWebKit/537.36 (KHTML, like Gecko) Version/4.0 Chrome/61.0.3163.98 Mobile Safari/537.36'),('183.42.69.114','2018-03-05 16:17:22','root','Mozilla/5.0 (Linux; Android 8.0.0; ONEPLUS A5010 Build/OPR6.170623.013) AppleWebKit/537.36 (KHTML, like Gecko) Chrome/64.0.3282.137 Mobile Safari/537.36'),('112.96.115.80','2018-03-05 16:36:49','黄海文','Mozilla/5.0 (Linux; Android 6.0.1; 1605-A01 Build/MMB29M; wv) AppleWebKit/537.36 (KHTML, like Gecko) Version/4.0 Chrome/57.0.2987.132 MQQBrowser/6.2 TBS/043906 Mobile Safari/537.36 MicroMessenger/6.6.3.1260(0x26060339) NetType/4G Language/zh_CN'),('112.96.115.80','2018-03-05 18:28:42','黄海文','Mozilla/5.0 (Linux; Android 6.0.1; 1605-A01 Build/MMB29M; wv) AppleWebKit/537.36 (KHTML, like Gecko) Version/4.0 Chrome/57.0.2987.132 MQQBrowser/6.2 TBS/043906 Mobile Safari/537.36 MicroMessenger/6.6.3.1260(0x26060339) NetType/4G Language/zh_CN'),('183.6.141.56','2018-03-05 18:34:45','黄海文','Mozilla/5.0 (Windows NT 6.1; WOW64) AppleWebKit/537.36 (KHTML, like Gecko) Chrome/39.0.2171.95 Safari/537.36 MicroMessenger/6.5.2.501 NetType/WIFI WindowsWechat QBCore/3.43.691.400 QQBrowser/9.0.2524.400'),('183.6.91.160','2018-03-05 19:58:02','徐晓珊','Mozilla/5.0 (Linux; Android 8.0; VTR-AL00 Build/HUAWEIVTR-AL00; wv) AppleWebKit/537.36 (KHTML, like Gecko) Version/4.0 Chrome/57.0.2987.132 MQQBrowser/6.2 TBS/043906 Mobile Safari/537.36 MicroMessenger/6.6.3.1260(0x26060339) NetType/WIFI Language/zh_CN'),('223.104.63.98','2018-03-05 19:58:25','吴李杏','Mozilla/5.0 (Linux; Android 6.0; CAM-AL00 Build/HONORCAM-AL00; wv) AppleWebKit/537.36 (KHTML, like Gecko) Version/4.0 Chrome/57.0.2987.132 MQQBrowser/6.2 TBS/043906 Mobile Safari/537.36 MicroMessenger/6.6.3.1260(0x26060339) NetType/4G Language/zh_CN'),('183.6.91.69','2018-03-05 20:00:24','root','Mozilla/5.0 (Windows NT 10.0; Win64; x64) AppleWebKit/537.36 (KHTML, like Gecko) Chrome/64.0.3282.186 Safari/537.36'),('223.104.63.98','2018-03-05 20:02:30','吴李杏','Mozilla/5.0 (Linux; Android 6.0; CAM-AL00 Build/HONORCAM-AL00; wv) AppleWebKit/537.36 (KHTML, like Gecko) Version/4.0 Chrome/57.0.2987.132 MQQBrowser/6.2 TBS/043906 Mobile Safari/537.36 MicroMessenger/6.6.3.1260(0x26060339) NetType/4G Language/zh_CN'),('112.96.176.50','2018-03-05 20:14:37','邱佳鹏','Mozilla/5.0 (Linux; Android 7.1.1; MI 6 Build/NMF26X; wv) AppleWebKit/537.36 (KHTML, like Gecko) Version/4.0 Chrome/57.0.2987.132 MQQBrowser/6.2 TBS/043906 Mobile Safari/537.36 MicroMessenger/6.6.1.1220(0x26060135) NetType/4G Language/zh_CN'),('112.96.176.50','2018-03-05 20:16:48','邱佳鹏','Mozilla/5.0 (Linux; Android 7.1.1; MI 6 Build/NMF26X; wv) AppleWebKit/537.36 (KHTML, like Gecko) Version/4.0 Chrome/57.0.2987.132 MQQBrowser/6.2 TBS/043906 Mobile Safari/537.36 MicroMessenger/6.6.1.1220(0x26060135) NetType/4G Language/zh_CN'),('112.96.176.50','2018-03-05 20:20:06','邱佳鹏','Mozilla/5.0 (Linux; Android 7.1.1; MI 6 Build/NMF26X; wv) AppleWebKit/537.36 (KHTML, like Gecko) Version/4.0 Chrome/57.0.2987.132 MQQBrowser/6.2 TBS/043906 Mobile Safari/537.36 MicroMessenger/6.6.1.1220(0x26060135) NetType/4G Language/zh_CN'),('112.96.128.80','2018-03-05 20:44:53','谢婉君','Mozilla/5.0 (iPhone; CPU iPhone OS 10_3_3 like Mac OS X) AppleWebKit/603.3.8 (KHTML, like Gecko) Mobile/14G60 MicroMessenger/6.5.18 NetType/4G Language/zh_CN'),('183.6.91.69','2018-03-06 09:00:41','root','Mozilla/5.0 (Windows NT 10.0; Win64; x64) AppleWebKit/537.36 (KHTML, like Gecko) Chrome/64.0.3282.186 Safari/537.36'),('183.6.91.69','2018-03-06 10:21:42','root','Mozilla/5.0 (Windows NT 10.0; Win64; x64) AppleWebKit/537.36 (KHTML, like Gecko) Chrome/64.0.3282.186 Safari/537.36'),('183.40.221.235','2018-03-06 11:47:34','root','Mozilla/5.0 (Linux; Android 8.0.0; ONEPLUS A5010 Build/OPR6.170623.013) AppleWebKit/537.36 (KHTML, like Gecko) Chrome/64.0.3282.137 Mobile Safari/537.36'),('183.6.91.69','2018-03-06 12:01:36','root','Mozilla/5.0 (Windows NT 10.0; Win64; x64) AppleWebKit/537.36 (KHTML, like Gecko) Chrome/64.0.3282.186 Safari/537.36'),('61.140.126.8','2018-03-06 14:06:04','郑景仁','Mozilla/5.0 (Windows NT 6.3; Win64; x64) AppleWebKit/537.36 (KHTML, like Gecko) Chrome/64.0.3282.186 Safari/537.36'),('183.6.91.69','2018-03-06 17:53:09','root','Mozilla/5.0 (Windows NT 10.0; Win64; x64) AppleWebKit/537.36 (KHTML, like Gecko) Chrome/64.0.3282.186 Safari/537.36'),('14.25.39.155','2018-03-06 17:56:56','谭上俊','Mozilla/5.0 (Linux; Android 6.0; PLK-AL10 Build/HONORPLK-AL10; wv) AppleWebKit/537.36 (KHTML, like Gecko) Version/4.0 Chrome/57.0.2987.132 MQQBrowser/6.2 TBS/043906 Mobile Safari/537.36 MicroMessenger/6.6.3.1260(0x26060339) NetType/4G Language/zh_CN'),('183.6.91.69','2018-03-07 08:39:53','root','Mozilla/5.0 (Windows NT 10.0; Win64; x64) AppleWebKit/537.36 (KHTML, like Gecko) Chrome/64.0.3282.186 Safari/537.36'),('183.6.91.67','2018-03-07 08:59:12','方健蓬','Mozilla/5.0 (iPhone; CPU iPhone OS 11_2_6 like Mac OS X) AppleWebKit/604.5.6 (KHTML, like Gecko) Mobile/15D100 MicroMessenger/6.6.5 NetType/WIFI Language/zh_CN'),('183.6.137.100','2018-03-07 09:00:14','陈泽敏','Mozilla/5.0 (Linux; Android 7.0; PRA-AL00 Build/HONORPRA-AL00; wv) AppleWebKit/537.36 (KHTML, like Gecko) Version/4.0 Chrome/57.0.2987.132 MQQBrowser/6.2 TBS/043906 Mobile Safari/537.36 MicroMessenger/6.6.5.1280(0x26060532) NetType/WIFI Language/zh_CN'),('183.6.137.100','2018-03-07 09:01:37','陈泽敏','Mozilla/5.0 (Linux; Android 7.0; PRA-AL00 Build/HONORPRA-AL00; wv) AppleWebKit/537.36 (KHTML, like Gecko) Version/4.0 Chrome/57.0.2987.132 MQQBrowser/6.2 TBS/043906 Mobile Safari/537.36 MicroMessenger/6.6.5.1280(0x26060532) NetType/WIFI Language/zh_CN'),('183.6.91.67','2018-03-07 09:02:07','方健蓬','Mozilla/5.0 (iPhone; CPU iPhone OS 11_2_6 like Mac OS X) AppleWebKit/604.5.6 (KHTML, like Gecko) Mobile/15D100 MicroMessenger/6.6.5 NetType/WIFI Language/zh_CN'),('112.96.176.71','2018-03-07 09:07:43','万方韵','Mozilla/5.0 (Linux; Android 7.0; SM-G9500 Build/NRD90M; wv) AppleWebKit/537.36 (KHTML, like Gecko) Version/4.0 Chrome/57.0.2987.132 MQQBrowser/6.2 TBS/043906 Mobile Safari/537.36 MicroMessenger/6.6.3.1260(0x26060339) NetType/4G Language/zh_CN'),('112.96.176.71','2018-03-07 09:09:08','万方韵','Mozilla/5.0 (Linux; Android 7.0; SM-G9500 Build/NRD90M; wv) AppleWebKit/537.36 (KHTML, like Gecko) Version/4.0 Chrome/57.0.2987.132 MQQBrowser/6.2 TBS/043906 Mobile Safari/537.36 MicroMessenger/6.6.3.1260(0x26060339) NetType/4G Language/zh_CN'),('112.96.176.71','2018-03-07 09:10:01','万方韵','Mozilla/5.0 (Linux; Android 7.0; SM-G9500 Build/NRD90M; wv) AppleWebKit/537.36 (KHTML, like Gecko) Version/4.0 Chrome/57.0.2987.132 MQQBrowser/6.2 TBS/043906 Mobile Safari/537.36 MicroMessenger/6.6.3.1260(0x26060339) NetType/4G Language/zh_CN'),('183.6.91.69','2018-03-07 10:15:50','root','Mozilla/5.0 (Windows NT 10.0; Win64; x64) AppleWebKit/537.36 (KHTML, like Gecko) Chrome/64.0.3282.186 Safari/537.36'),('117.136.41.40','2018-03-07 11:15:20','叶诗琴','Mozilla/5.0 (Linux; Android 5.0; SM-G9008W Build/LRX21T; wv) AppleWebKit/537.36 (KHTML, like Gecko) Version/4.0 Chrome/57.0.2987.132 MQQBrowser/6.2 TBS/043906 Mobile Safari/537.36 MicroMessenger/6.6.3.1260(0x26060339) NetType/4G Language/zh_CN'),('117.136.41.86','2018-03-07 11:16:54','陈艳婷','Mozilla/5.0 (Linux; Android 6.0.1; SM-G9008W Build/MMB29M; wv) AppleWebKit/537.36 (KHTML, like Gecko) Version/4.0 Chrome/53.0.2785.49 Mobile MQQBrowser/6.2 TBS/043409 Safari/537.36 MicroMessenger/6.6.3.1260(0x26060339) NetType/4G Language/zh_CN'),('117.136.40.162','2018-03-07 11:21:32','李思嘉','Mozilla/5.0 (Linux; Android 7.0; PRA-AL00X Build/HONORPRA-AL00X; wv) AppleWebKit/537.36 (KHTML, like Gecko) Version/4.0 Chrome/57.0.2987.132 MQQBrowser/6.2 TBS/043906 Mobile Safari/537.36 MicroMessenger/6.6.5.1280(0x26060532) NetType/4G Language/zh_HK'),('183.42.73.6','2018-03-07 11:35:04','root ','Mozilla/5.0 (Linux; U; Android 8.0.0; zh-CN; ONEPLUS A5010 Build/OPR6.170623.013) AppleWebKit/537.36 (KHTML, like Gecko) Version/4.0 Chrome/57.0.2987.108 Quark/2.4.1.985 Mobile Safari/537.36'),('183.6.137.100','2018-03-07 11:46:54','陈泽敏','Mozilla/5.0 (Linux; Android 7.0; PRA-AL00 Build/HONORPRA-AL00; wv) AppleWebKit/537.36 (KHTML, like Gecko) Version/4.0 Chrome/57.0.2987.132 MQQBrowser/6.2 TBS/043906 Mobile Safari/537.36 MicroMessenger/6.6.5.1280(0x26060532) NetType/WIFI Language/zh_CN'),('117.136.41.61','2018-03-07 11:54:56','叶丹婷','Mozilla/5.0 (Linux; Android 8.0; STF-AL00 Build/HUAWEISTF-AL00; wv) AppleWebKit/537.36 (KHTML, like Gecko) Version/4.0 Chrome/57.0.2987.132 MQQBrowser/6.2 TBS/043906 Mobile Safari/537.36 MicroMessenger/6.6.3.1260(0x26060339) NetType/4G Language/zh_CN'),('112.96.170.98','2018-03-07 11:58:31','方健蓬','Mozilla/5.0 (iPhone; CPU iPhone OS 11_2_6 like Mac OS X) AppleWebKit/604.5.6 (KHTML, like Gecko) Mobile/15D100 MicroMessenger/6.6.5 NetType/4G Language/zh_CN'),('183.6.91.69','2018-03-07 12:04:43','root','Mozilla/5.0 (Windows NT 10.0; Win64; x64) AppleWebKit/537.36 (KHTML, like Gecko) Chrome/64.0.3282.186 Safari/537.36'),('106.47.224.46','2018-03-07 12:05:12','刘乃晋','Mozilla/5.0 (Linux; Android 8.0; VTR-AL00 Build/HUAWEIVTR-AL00; wv) AppleWebKit/537.36 (KHTML, like Gecko) Version/4.0 Chrome/57.0.2987.132 MQQBrowser/6.2 TBS/043909 Mobile Safari/537.36 MicroMessenger/6.6.5.1280(0x26060532) NetType/4G Language/zh_CN'),('183.6.92.65','2018-03-07 12:05:54','root ','Mozilla/5.0 (Linux; U; Android 8.0.0; zh-CN; ONEPLUS A5010 Build/OPR6.170623.013) AppleWebKit/537.36 (KHTML, like Gecko) Version/4.0 Chrome/57.0.2987.108 Quark/2.4.1.985 Mobile Safari/537.36'),('112.96.179.210','2018-03-07 12:12:45','张文华','Mozilla/5.0 (Linux; Android 6.0.1; NX529J Build/MMB29M; wv) AppleWebKit/537.36 (KHTML, like Gecko) Version/4.0 Chrome/57.0.2987.132 Mobile Safari/537.36 Mb2345Browser/6.2oem'),('183.6.92.65','2018-03-07 13:29:22','root','Mozilla/5.0 (Linux; Android 8.0.0; ONEPLUS A5010 Build/OPR6.170623.013) AppleWebKit/537.36 (KHTML, like Gecko) Chrome/64.0.3282.137 Mobile Safari/537.36'),('117.136.41.86','2018-03-07 13:29:52','陈艳婷','Mozilla/5.0 (Linux; Android 6.0.1; SM-G9008W Build/MMB29M; wv) AppleWebKit/537.36 (KHTML, like Gecko) Version/4.0 Chrome/53.0.2785.49 Mobile MQQBrowser/6.2 TBS/043409 Safari/537.36 MicroMessenger/6.6.3.1260(0x26060339) NetType/4G Language/zh_CN'),('223.104.63.110','2018-03-07 14:18:31','冯驿宁','Mozilla/5.0 (iPhone; CPU iPhone OS 11_1_2 like Mac OS X) AppleWebKit/604.3.5 (KHTML, like Gecko) Mobile/15B202 MicroMessenger/6.6.3 NetType/4G Language/zh_CN'),('223.104.63.110','2018-03-07 14:23:02','冯驿宁','Mozilla/5.0 (iPhone; CPU iPhone OS 11_1_2 like Mac OS X) AppleWebKit/604.3.5 (KHTML, like Gecko) Mobile/15B202 MicroMessenger/6.6.3 NetType/4G Language/zh_CN'),('183.6.91.157','2018-03-07 15:54:01','叶诗琴','Mozilla/5.0 (Windows NT 6.3; WOW64) AppleWebKit/537.36 (KHTML, like Gecko) Chrome/49.0.2623.221 Safari/537.36 SE 2.X MetaSr 1.0'),('183.40.139.28','2018-03-07 16:02:40','root ','Mozilla/5.0 (Linux; U; Android 8.0.0; zh-CN; ONEPLUS A5010 Build/OPR6.170623.013) AppleWebKit/537.36 (KHTML, like Gecko) Version/4.0 Chrome/57.0.2987.108 Quark/2.4.1.985 Mobile Safari/537.36'),('183.40.139.28','2018-03-07 17:22:36','root','Mozilla/5.0 (Linux; Android 8.0.0; ONEPLUS A5010 Build/OPR6.170623.013) AppleWebKit/537.36 (KHTML, like Gecko) Chrome/64.0.3282.137 Mobile Safari/537.36'),('183.6.92.65','2018-03-07 18:22:34','李嘉威','Mozilla/5.0 (iPhone; CPU iPhone OS 11_2_6 like Mac OS X) AppleWebKit/604.5.6 (KHTML, like Gecko) Mobile/15D100 MicroMessenger/6.6.5 NetType/WIFI Language/ja'),('183.6.91.69','2018-03-07 18:22:52','root','Mozilla/5.0 (Windows NT 10.0; Win64; x64) AppleWebKit/537.36 (KHTML, like Gecko) Chrome/64.0.3282.186 Safari/537.36'),('183.6.137.91','2018-03-07 18:52:16','刘晓宜','Mozilla/5.0 (Linux; Android 4.4.4; MI NOTE LTE Build/KTU84P; wv) AppleWebKit/537.36 (KHTML, like Gecko) Version/4.0 Chrome/57.0.2987.132 MQQBrowser/6.2 TBS/043909 Mobile Safari/537.36 MicroMessenger/6.6.5.1280(0x26060532) NetType/WIFI Language/zh_CN'),('112.96.199.186','2018-03-07 18:55:13','蔡培淳','Mozilla/5.0 (iPhone; CPU iPhone OS 11_2_6 like Mac OS X) AppleWebKit/604.5.6 (KHTML, like Gecko) Mobile/15D100 MicroMessenger/6.6.3 NetType/4G Language/en'),('61.140.124.103','2018-03-07 18:59:10','郑景仁','Mozilla/5.0 (Windows NT 6.3; Win64; x64) AppleWebKit/537.36 (KHTML, like Gecko) Chrome/64.0.3282.186 Safari/537.36'),('183.6.91.69','2018-03-07 20:04:27','root','Mozilla/5.0 (Windows NT 10.0; Win64; x64) AppleWebKit/537.36 (KHTML, like Gecko) Chrome/64.0.3282.186 Safari/537.36'),('183.6.91.69','2018-03-07 20:12:42','root','Mozilla/5.0 (Windows NT 10.0; Win64; x64) AppleWebKit/537.36 (KHTML, like Gecko) Chrome/64.0.3282.186 Safari/537.36'),('183.6.91.69','2018-03-07 20:13:26','root','Mozilla/5.0 (Windows NT 10.0; Win64; x64) AppleWebKit/537.36 (KHTML, like Gecko) Chrome/64.0.3282.186 Safari/537.36'),('183.6.91.69','2018-03-07 20:18:13','root','Mozilla/5.0 (Windows NT 10.0; Win64; x64) AppleWebKit/537.36 (KHTML, like Gecko) Chrome/64.0.3282.186 Safari/537.36');
/*!40000 ALTER TABLE `iplist` ENABLE KEYS */;
UNLOCK TABLES;

--
-- Table structure for table `tb_book`
--

DROP TABLE IF EXISTS `tb_book`;
/*!40101 SET @saved_cs_client     = @@character_set_client */;
/*!40101 SET character_set_client = utf8 */;
CREATE TABLE `tb_book` (
  `id` int(11) NOT NULL AUTO_INCREMENT,
  `book_name` varchar(255) NOT NULL,
  `course_name` varchar(255) NOT NULL,
  `one_price` float NOT NULL DEFAULT '0' COMMENT '正版书',
  `two_price` float NOT NULL DEFAULT '0' COMMENT '二手书',
  `three_price` int(11) NOT NULL DEFAULT '0' COMMENT '复印书',
  PRIMARY KEY (`id`)
) ENGINE=InnoDB AUTO_INCREMENT=9 DEFAULT CHARSET=utf8;
/*!40101 SET character_set_client = @saved_cs_client */;

--
-- Dumping data for table `tb_book`
--

LOCK TABLES `tb_book` WRITE;
/*!40000 ALTER TABLE `tb_book` DISABLE KEYS */;
INSERT INTO `tb_book` VALUES (1,'计算机网络（第5版）清华大学出版社','计算机网络',0,0,0),(2,'企业资源计划ERP教程（第2版）清华大学出版社','ERP原理、实施与管理',28.35,25,25),(3,'Android编程权威指南（第3版）人民邮电出版社','移动开发技术与应用',0,0,0),(4,'决策支持系统及其开发（第4版）清华大学出版社','决策支持系统',29.09,25,25),(5,'信息系统项目管理 清华大学出版社','IT项目管理',0,0,0),(6,'信息安全原理与技术（第3版）清华大学出版社','信息安全',39.5,21,21),(7,'数据库系统概论（第5版）高等教育出版社','数据库应用系统设计',0,0,0),(8,'SPSS统计分析方法及应用','数据处理技术与SPSS',41.03,25,25);
/*!40000 ALTER TABLE `tb_book` ENABLE KEYS */;
UNLOCK TABLES;

--
-- Table structure for table `tb_edistatus`
--

DROP TABLE IF EXISTS `tb_edistatus`;
/*!40101 SET @saved_cs_client     = @@character_set_client */;
/*!40101 SET character_set_client = utf8 */;
CREATE TABLE `tb_edistatus` (
  `col_name` varchar(30) NOT NULL,
  `status` int(2) NOT NULL DEFAULT '0',
  `col_info` varchar(50) DEFAULT NULL
) ENGINE=InnoDB DEFAULT CHARSET=utf8;
/*!40101 SET character_set_client = @saved_cs_client */;

--
-- Dumping data for table `tb_edistatus`
--

LOCK TABLES `tb_edistatus` WRITE;
/*!40000 ALTER TABLE `tb_edistatus` DISABLE KEYS */;
INSERT INTO `tb_edistatus` VALUES ('editStatus',1,'2018-03-04'),('正版',0,NULL),('二手',1,NULL),('复印',1,NULL);
/*!40000 ALTER TABLE `tb_edistatus` ENABLE KEYS */;
UNLOCK TABLES;

--
-- Table structure for table `tb_notice`
--

DROP TABLE IF EXISTS `tb_notice`;
/*!40101 SET @saved_cs_client     = @@character_set_client */;
/*!40101 SET character_set_client = utf8 */;
CREATE TABLE `tb_notice` (
  `id` int(4) NOT NULL AUTO_INCREMENT,
  `content` varchar(255) DEFAULT '暂无通知',
  `time` timestamp NOT NULL DEFAULT CURRENT_TIMESTAMP,
  PRIMARY KEY (`id`)
) ENGINE=InnoDB AUTO_INCREMENT=2 DEFAULT CHARSET=utf8;
/*!40101 SET character_set_client = @saved_cs_client */;

--
-- Dumping data for table `tb_notice`
--

LOCK TABLES `tb_notice` WRITE;
/*!40000 ALTER TABLE `tb_notice` DISABLE KEYS */;
INSERT INTO `tb_notice` VALUES (1,'通知内容','2018-03-12 15:10:58');
/*!40000 ALTER TABLE `tb_notice` ENABLE KEYS */;
UNLOCK TABLES;

--
-- Table structure for table `tb_order`
--

DROP TABLE IF EXISTS `tb_order`;
/*!40101 SET @saved_cs_client     = @@character_set_client */;
/*!40101 SET character_set_client = utf8 */;
CREATE TABLE `tb_order` (
  `id` varchar(15) NOT NULL,
  `name` varchar(20) NOT NULL,
  `firstbook` int(11) NOT NULL DEFAULT '0' COMMENT '计算机网络',
  `secondbook` int(11) NOT NULL DEFAULT '0' COMMENT 'ERP原理、实施与管理',
  `thirdbook` int(11) NOT NULL DEFAULT '0' COMMENT '移动开发技术与应用',
  `fourthbook` int(11) NOT NULL DEFAULT '0' COMMENT '决策支持系统',
  `fifthbook` int(11) NOT NULL DEFAULT '0' COMMENT 'IT项目管理',
  `sixthbook` int(11) NOT NULL DEFAULT '0' COMMENT '信息安全',
  `seventhbook` int(11) NOT NULL DEFAULT '0' COMMENT '数据库应用系统设计',
  `eighthbook` int(11) NOT NULL DEFAULT '0' COMMENT '数据处理技术与SPSS',
  `total` int(11) NOT NULL DEFAULT '0',
  `totalprice` int(11) NOT NULL DEFAULT '0',
  `paystatus` int(4) NOT NULL DEFAULT '0',
  PRIMARY KEY (`id`)
) ENGINE=InnoDB DEFAULT CHARSET=utf8;
/*!40101 SET character_set_client = @saved_cs_client */;

--
-- Dumping data for table `tb_order`
--

LOCK TABLES `tb_order` WRITE;
/*!40000 ALTER TABLE `tb_order` DISABLE KEYS */;
INSERT INTO `tb_order` VALUES ('14251101208','廖俊宝',2,2,2,2,2,2,2,2,0,0,1),('15251101201','麦贵淇',0,0,0,0,0,0,0,0,0,0,1),('15251101202','方健蓬',0,1,0,0,0,0,0,0,0,0,1),('15251101203','陈宇靖',1,2,0,2,2,2,1,0,0,0,1),('15251101204','徐晓珊',2,2,2,2,2,0,2,0,0,0,1),('15251101205','巫雪银',2,1,0,1,1,2,1,0,0,0,0),('15251101206','蔡培淳',0,0,0,0,0,0,0,0,0,0,0),('15251101207','郭兆聪',2,2,0,2,2,2,2,2,0,0,0),('15251101208','莫君铭',2,2,0,2,2,2,2,0,0,0,0),('15251101209','徐杜鑫',2,2,2,2,2,2,2,0,0,0,0),('15251101210','赵科艺',0,0,0,0,0,0,0,0,0,0,0),('15251101211','陈时锐',0,0,0,0,0,0,0,0,0,0,1),('15251101212','杨浩宏',1,1,0,1,1,1,1,1,0,0,1),('15251101213','陈幼婷',3,3,0,3,3,2,3,0,0,0,1),('15251101214','欧元帅',1,3,0,3,3,3,3,0,0,0,1),('15251101215','徐英',0,0,0,0,2,0,2,0,0,0,1),('15251101216','叶丹婷',0,2,0,2,2,2,1,0,0,0,1),('15251101217','李思嘉',0,0,0,0,0,2,0,0,0,0,1),('15251101218','邱佳鹏',2,2,2,2,2,0,2,2,0,0,1),('15251101219','陈永健',1,2,0,2,2,2,2,0,0,0,1),('15251101220','刘立金',1,2,0,2,2,2,2,0,0,0,1),('15251101221','陈达英',1,3,0,3,3,3,3,0,0,0,1),('15251101222','黄海文',2,2,2,2,1,1,1,1,0,0,1),('15251101223','刘建锋',2,2,0,2,2,0,2,2,0,0,1),('15251101224','黄培真',2,2,0,2,2,2,2,2,0,0,1),('15251101225','梁彩桦',1,2,2,2,2,0,1,0,0,0,1),('15251101226','郑景仁',1,1,1,1,1,1,1,0,0,0,1),('15251101227','黎晓乔',2,2,2,2,2,2,2,2,0,0,1),('15251101228','刘晓宜',2,2,0,2,2,2,0,2,0,0,1),('15251101229','吴李杏',2,2,2,2,2,0,2,0,0,0,1),('15251101230','陈泽敏',2,2,0,2,2,2,2,0,0,0,1),('15251101231','卢丹娜',0,0,0,0,0,0,0,0,0,0,1),('15251101232','叶诗琴',1,1,0,1,1,1,1,0,0,0,1),('15251101233','黄泳琪',0,0,0,0,0,0,0,0,0,0,1),('15251101234','陈宝诺',0,0,0,0,0,3,2,0,0,0,1),('15251101235','区婉倩',0,0,0,0,0,0,0,0,0,0,1),('15251101236','谢婉君',2,2,0,2,0,0,2,0,0,0,1),('15251101237','招灿珍',0,0,0,0,0,0,0,0,0,0,1),('15251101238','符嘉阳',1,1,0,1,1,1,1,0,0,0,1),('15251101239','林钰怡',2,2,2,2,2,0,2,0,0,0,1),('15251101240','刘洋',0,0,0,0,0,0,0,0,0,0,1),('15251101241','梅珊珊',2,2,2,2,2,2,2,2,0,0,1),('15251101242','谭上俊',2,2,0,2,2,2,2,2,0,0,1),('15251101243','杨诗敏',0,0,0,0,0,0,0,0,0,0,1),('15251101244','陈艳婷',1,1,0,1,1,1,1,0,0,0,1),('15251101245','李凤清',0,0,0,0,0,0,0,0,0,0,1),('15251101246','林佳琳',0,0,0,0,0,0,0,0,0,0,1),('15251101247','余艳芳',0,0,0,0,0,0,0,0,0,0,1),('15251101248','曾金辉',2,2,0,2,2,2,2,0,0,0,0),('15251101249','蓝钜',1,0,0,0,0,0,0,0,0,0,1),('15251101250','苏梦渲',0,1,0,1,1,0,1,0,0,0,1),('15251101251','冼升敏',0,0,0,0,0,0,1,0,0,0,0),('15251101252','陈宇轩',2,2,0,2,2,2,2,0,0,0,0),('15251101253','冯驿宁',2,2,0,2,2,2,0,2,0,0,1),('15251101254','张文华',2,0,0,2,0,2,2,0,0,0,1),('15251101255','李嘉威',0,1,1,1,1,1,1,1,0,0,1),('15251101256','李家康',0,0,0,0,0,0,0,0,0,0,1),('15251101257','刘乃晋',2,2,0,2,2,2,2,0,0,0,1),('15251101258','季秋池',0,0,0,0,0,0,0,0,0,0,0),('15251101260','黄剑腾',0,0,0,0,0,2,2,0,0,0,1),('15251101261','万方韵',0,0,0,0,0,2,0,0,0,0,1);
/*!40000 ALTER TABLE `tb_order` ENABLE KEYS */;
UNLOCK TABLES;

--
-- Table structure for table `tb_user`
--

DROP TABLE IF EXISTS `tb_user`;
/*!40101 SET @saved_cs_client     = @@character_set_client */;
/*!40101 SET character_set_client = utf8 */;
CREATE TABLE `tb_user` (
  `id` varchar(11) NOT NULL,
  `password` varchar(255) NOT NULL DEFAULT '' COMMENT '密码',
  `name` varchar(20) NOT NULL,
  `sex` varchar(4) NOT NULL,
  `permission` varchar(10) NOT NULL DEFAULT '普通',
  PRIMARY KEY (`id`)
) ENGINE=InnoDB DEFAULT CHARSET=utf8;
/*!40101 SET character_set_client = @saved_cs_client */;

--
-- Dumping data for table `tb_user`
--

LOCK TABLES `tb_user` WRITE;
/*!40000 ALTER TABLE `tb_user` DISABLE KEYS */;
INSERT INTO `tb_user` VALUES ('14251101208','152511012','廖俊宝','男','普通'),('15251101201','152511012','麦贵淇','男','普通'),('15251101202','152511012','方健蓬','男','普通'),('15251101203','152511012','陈宇靖','男','普通'),('15251101204','152511012','徐晓珊','女','普通'),('15251101205','152511012','巫雪银','女','普通'),('15251101206','152511012','蔡培淳','女','普通'),('15251101207','152511012','郭兆聪','男','普通'),('15251101208','152511012','莫君铭','男','普通'),('15251101209','152511012','徐杜鑫','男','普通'),('15251101210','152511012','赵科艺','男','普通'),('15251101211','152511012','陈时锐','男','普通'),('15251101212','152511012','杨浩宏','男','普通'),('15251101213','152511012','陈幼婷','女','普通'),('15251101214','152511012','欧元帅','男','普通'),('15251101215','152511012','徐英','女','普通'),('15251101216','152511012','叶丹婷','女','普通'),('15251101217','152511012','李思嘉','男','普通'),('15251101218','152511012','邱佳鹏','男','普通'),('15251101219','152511012','陈永健','男','普通'),('15251101220','152511012','刘立金','男','普通'),('15251101221','152511012','陈达英','男','普通'),('15251101222','152511012','黄海文','男','普通'),('15251101223','152511012','刘建锋','男','普通'),('15251101224','152511012','黄培真','女','普通'),('15251101225','152511012','梁彩桦','女','普通'),('15251101226','152511012','郑景仁','男','普通'),('15251101227','152511012','黎晓乔','男','普通'),('15251101228','152511012','刘晓宜','女','普通'),('15251101229','152511012','吴李杏','女','普通'),('15251101230','152511012','陈泽敏','女','普通'),('15251101231','152511012','卢丹娜','女','普通'),('15251101232','152511012','叶诗琴','女','普通'),('15251101233','152511012','黄泳琪','女','普通'),('15251101234','152511012','陈宝诺','女','普通'),('15251101235','152511012','区婉倩','女','普通'),('15251101236','152511012','谢婉君','女','普通'),('15251101237','152511012','招灿珍','女','普通'),('15251101238','152511012','符嘉阳','男','普通'),('15251101239','152511012','林钰怡','女','普通'),('15251101240','152511012','刘洋','男','普通'),('15251101241','152511012','梅珊珊','女','普通'),('15251101242','152511012','谭上俊','男','普通'),('15251101243','152511012','杨诗敏','女','普通'),('15251101244','152511012','陈艳婷','女','普通'),('15251101245','152511012','李凤清','女','普通'),('15251101246','152511012','林佳琳','女','普通'),('15251101247','152511012','余艳芳','女','普通'),('15251101248','152511012','曾金辉','男','普通'),('15251101249','152511012','蓝钜','男','普通'),('15251101250','152511012','苏梦渲','女','普通'),('15251101251','152511012','冼升敏','女','普通'),('15251101252','152511012','陈宇轩','男','普通'),('15251101253','152511012','冯驿宁','女','普通'),('15251101254','152511012','张文华','男','普通'),('15251101255','152511012','李嘉威','男','普通'),('15251101256','152511012','李家康','女','普通'),('15251101257','152511012','刘乃晋','女','普通'),('15251101258','152511012','季秋池','女','普通'),('15251101259','152511012','王闪闪','女','普通'),('15251101260','152511012','黄剑腾','男','普通'),('15251101261','152511012','万方韵','女','普通'),('root','root','管理员','男','管理员');
/*!40000 ALTER TABLE `tb_user` ENABLE KEYS */;
UNLOCK TABLES;
